/Users/raunak/Desktop/python/alphastar_fake_images/fake_train/angry/train-angry-215.png,angry
/Users/raunak/Desktop/python/alphastar_fake_images/fake_train/angry/train-angry-201.png,angry
/Users/raunak/Desktop/python/alphastar_fake_images/fake_train/angry/train-angry-229.png,angry
/Users/raunak/Desktop/python/alphastar_fake_images/fake_train/angry/train-angry-163.png,angry
/Users/raunak/Desktop/python/alphastar_fake_images/fake_train/angry/train-angry-177.png,angry
/Users/raunak/Desktop/python/alphastar_fake_images/fake_train/angry/train-angry-188.png,angry
/Users/raunak/Desktop/python/alphastar_fake_images/fake_train/angry/train-angry-407.png,angry
/Users/raunak/Desktop/python/alphastar_fake_images/fake_train/angry/train-angry-361.png,angry
/Users/raunak/Desktop/python/alphastar_fake_images/fake_train/angry/train-angry-375.png,angry
/Users/raunak/Desktop/python/alphastar_fake_images/fake_train/angry/train-angry-413.png,angry
/Users/raunak/Desktop/python/alphastar_fake_images/fake_train/angry/train-angry-52.png,angry
/Users/raunak/Desktop/python/alphastar_fake_images/fake_train/angry/train-angry-349.png,angry
/Users/raunak/Desktop/python/alphastar_fake_images/fake_train/angry/train-angry-46.png,angry
/Users/raunak/Desktop/python/alphastar_fake_images/fake_train/angry/train-angry-91.png,angry
/Users/raunak/Desktop/python/alphastar_fake_images/fake_train/angry/train-angry-85.png,angry
/Users/raunak/Desktop/python/alphastar_fake_images/fake_train/angry/train-angry-84.png,angry
/Users/raunak/Desktop/python/alphastar_fake_images/fake_train/angry/train-angry-90.png,angry
/Users/raunak/Desktop/python/alphastar_fake_images/fake_train/angry/train-angry-348.png,angry
/Users/raunak/Desktop/python/alphastar_fake_images/fake_train/angry/train-angry-47.png,angry
/Users/raunak/Desktop/python/alphastar_fake_images/fake_train/angry/train-angry-53.png,angry
/Users/raunak/Desktop/python/alphastar_fake_images/fake_train/angry/train-angry-374.png,angry
/Users/raunak/Desktop/python/alphastar_fake_images/fake_train/angry/train-angry-412.png,angry
/Users/raunak/Desktop/python/alphastar_fake_images/fake_train/angry/train-angry-406.png,angry
/Users/raunak/Desktop/python/alphastar_fake_images/fake_train/angry/train-angry-360.png,angry
/Users/raunak/Desktop/python/alphastar_fake_images/fake_train/angry/train-angry-189.png,angry
/Users/raunak/Desktop/python/alphastar_fake_images/fake_train/angry/train-angry-176.png,angry
/Users/raunak/Desktop/python/alphastar_fake_images/fake_train/angry/train-angry-162.png,angry
/Users/raunak/Desktop/python/alphastar_fake_images/fake_train/angry/train-angry-228.png,angry
/Users/raunak/Desktop/python/alphastar_fake_images/fake_train/angry/train-angry-200.png,angry
/Users/raunak/Desktop/python/alphastar_fake_images/fake_train/angry/train-angry-214.png,angry
/Users/raunak/Desktop/python/alphastar_fake_images/fake_train/angry/train-angry-202.png,angry
/Users/raunak/Desktop/python/alphastar_fake_images/fake_train/angry/train-angry-216.png,angry
/Users/raunak/Desktop/python/alphastar_fake_images/fake_train/angry/train-angry-174.png,angry
/Users/raunak/Desktop/python/alphastar_fake_images/fake_train/angry/train-angry-160.png,angry
/Users/raunak/Desktop/python/alphastar_fake_images/fake_train/angry/train-angry-148.png,angry
/Users/raunak/Desktop/python/alphastar_fake_images/fake_train/angry/train-angry-79.png,angry
/Users/raunak/Desktop/python/alphastar_fake_images/fake_train/angry/train-angry-410.png,angry
/Users/raunak/Desktop/python/alphastar_fake_images/fake_train/angry/train-angry-376.png,angry
/Users/raunak/Desktop/python/alphastar_fake_images/fake_train/angry/train-angry-362.png,angry
/Users/raunak/Desktop/python/alphastar_fake_images/fake_train/angry/train-angry-404.png,angry
/Users/raunak/Desktop/python/alphastar_fake_images/fake_train/angry/train-angry-45.png,angry
/Users/raunak/Desktop/python/alphastar_fake_images/fake_train/angry/train-angry-51.png,angry
/Users/raunak/Desktop/python/alphastar_fake_images/fake_train/angry/train-angry-438.png,angry
/Users/raunak/Desktop/python/alphastar_fake_images/fake_train/angry/train-angry-86.png,angry
/Users/raunak/Desktop/python/alphastar_fake_images/fake_train/angry/train-angry-389.png,angry
/Users/raunak/Desktop/python/alphastar_fake_images/fake_train/angry/train-angry-92.png,angry
/Users/raunak/Desktop/python/alphastar_fake_images/fake_train/angry/train-angry-93.png,angry
/Users/raunak/Desktop/python/alphastar_fake_images/fake_train/angry/train-angry-87.png,angry
/Users/raunak/Desktop/python/alphastar_fake_images/fake_train/angry/train-angry-388.png,angry
/Users/raunak/Desktop/python/alphastar_fake_images/fake_train/angry/train-angry-439.png,angry
/Users/raunak/Desktop/python/alphastar_fake_images/fake_train/angry/train-angry-50.png,angry
/Users/raunak/Desktop/python/alphastar_fake_images/fake_train/angry/train-angry-44.png,angry
/Users/raunak/Desktop/python/alphastar_fake_images/fake_train/angry/train-angry-363.png,angry
/Users/raunak/Desktop/python/alphastar_fake_images/fake_train/angry/train-angry-405.png,angry
/Users/raunak/Desktop/python/alphastar_fake_images/fake_train/angry/train-angry-411.png,angry
/Users/raunak/Desktop/python/alphastar_fake_images/fake_train/angry/train-angry-78.png,angry
/Users/raunak/Desktop/python/alphastar_fake_images/fake_train/angry/train-angry-377.png,angry
/Users/raunak/Desktop/python/alphastar_fake_images/fake_train/angry/train-angry-149.png,angry
/Users/raunak/Desktop/python/alphastar_fake_images/fake_train/angry/train-angry-161.png,angry
/Users/raunak/Desktop/python/alphastar_fake_images/fake_train/angry/train-angry-175.png,angry
/Users/raunak/Desktop/python/alphastar_fake_images/fake_train/angry/train-angry-217.png,angry
/Users/raunak/Desktop/python/alphastar_fake_images/fake_train/angry/train-angry-203.png,angry
/Users/raunak/Desktop/python/alphastar_fake_images/fake_train/angry/train-angry-549.png,angry
/Users/raunak/Desktop/python/alphastar_fake_images/fake_train/angry/train-angry-207.png,angry
/Users/raunak/Desktop/python/alphastar_fake_images/fake_train/angry/train-angry-213.png,angry
/Users/raunak/Desktop/python/alphastar_fake_images/fake_train/angry/train-angry-159.png,angry
/Users/raunak/Desktop/python/alphastar_fake_images/fake_train/angry/train-angry-171.png,angry
/Users/raunak/Desktop/python/alphastar_fake_images/fake_train/angry/train-angry-165.png,angry
/Users/raunak/Desktop/python/alphastar_fake_images/fake_train/angry/train-angry-40.png,angry
/Users/raunak/Desktop/python/alphastar_fake_images/fake_train/angry/train-angry-429.png,angry
/Users/raunak/Desktop/python/alphastar_fake_images/fake_train/angry/train-angry-54.png,angry
/Users/raunak/Desktop/python/alphastar_fake_images/fake_train/angry/train-angry-373.png,angry
/Users/raunak/Desktop/python/alphastar_fake_images/fake_train/angry/train-angry-415.png,angry
/Users/raunak/Desktop/python/alphastar_fake_images/fake_train/angry/train-angry-68.png,angry
/Users/raunak/Desktop/python/alphastar_fake_images/fake_train/angry/train-angry-401.png,angry
/Users/raunak/Desktop/python/alphastar_fake_images/fake_train/angry/train-angry-367.png,angry
/Users/raunak/Desktop/python/alphastar_fake_images/fake_train/angry/train-angry-83.png,angry
/Users/raunak/Desktop/python/alphastar_fake_images/fake_train/angry/train-angry-97.png,angry
/Users/raunak/Desktop/python/alphastar_fake_images/fake_train/angry/train-angry-398.png,angry
/Users/raunak/Desktop/python/alphastar_fake_images/fake_train/angry/train-angry-96.png,angry
/Users/raunak/Desktop/python/alphastar_fake_images/fake_train/angry/train-angry-399.png,angry
/Users/raunak/Desktop/python/alphastar_fake_images/fake_train/angry/train-angry-82.png,angry
/Users/raunak/Desktop/python/alphastar_fake_images/fake_train/angry/train-angry-400.png,angry
/Users/raunak/Desktop/python/alphastar_fake_images/fake_train/angry/train-angry-69.png,angry
/Users/raunak/Desktop/python/alphastar_fake_images/fake_train/angry/train-angry-366.png,angry
/Users/raunak/Desktop/python/alphastar_fake_images/fake_train/angry/train-angry-372.png,angry
/Users/raunak/Desktop/python/alphastar_fake_images/fake_train/angry/train-angry-414.png,angry
/Users/raunak/Desktop/python/alphastar_fake_images/fake_train/angry/train-angry-55.png,angry
/Users/raunak/Desktop/python/alphastar_fake_images/fake_train/angry/train-angry-428.png,angry
/Users/raunak/Desktop/python/alphastar_fake_images/fake_train/angry/train-angry-41.png,angry
/Users/raunak/Desktop/python/alphastar_fake_images/fake_train/angry/train-angry-164.png,angry
/Users/raunak/Desktop/python/alphastar_fake_images/fake_train/angry/train-angry-170.png,angry
/Users/raunak/Desktop/python/alphastar_fake_images/fake_train/angry/train-angry-158.png,angry
/Users/raunak/Desktop/python/alphastar_fake_images/fake_train/angry/train-angry-212.png,angry
/Users/raunak/Desktop/python/alphastar_fake_images/fake_train/angry/train-angry-206.png,angry
/Users/raunak/Desktop/python/alphastar_fake_images/fake_train/angry/train-angry-548.png,angry
/Users/raunak/Desktop/python/alphastar_fake_images/fake_train/angry/train-angry-238.png,angry
/Users/raunak/Desktop/python/alphastar_fake_images/fake_train/angry/train-angry-210.png,angry
/Users/raunak/Desktop/python/alphastar_fake_images/fake_train/angry/train-angry-204.png,angry
/Users/raunak/Desktop/python/alphastar_fake_images/fake_train/angry/train-angry-166.png,angry
/Users/raunak/Desktop/python/alphastar_fake_images/fake_train/angry/train-angry-172.png,angry
/Users/raunak/Desktop/python/alphastar_fake_images/fake_train/angry/train-angry-199.png,angry
/Users/raunak/Desktop/python/alphastar_fake_images/fake_train/angry/train-angry-358.png,angry
/Users/raunak/Desktop/python/alphastar_fake_images/fake_train/angry/train-angry-57.png,angry
/Users/raunak/Desktop/python/alphastar_fake_images/fake_train/angry/train-angry-43.png,angry
/Users/raunak/Desktop/python/alphastar_fake_images/fake_train/angry/train-angry-364.png,angry
/Users/raunak/Desktop/python/alphastar_fake_images/fake_train/angry/train-angry-402.png,angry
/Users/raunak/Desktop/python/alphastar_fake_images/fake_train/angry/train-angry-416.png,angry
/Users/raunak/Desktop/python/alphastar_fake_images/fake_train/angry/train-angry-370.png,angry
/Users/raunak/Desktop/python/alphastar_fake_images/fake_train/angry/train-angry-94.png,angry
/Users/raunak/Desktop/python/alphastar_fake_images/fake_train/angry/train-angry-80.png,angry
/Users/raunak/Desktop/python/alphastar_fake_images/fake_train/angry/train-angry-81.png,angry
/Users/raunak/Desktop/python/alphastar_fake_images/fake_train/angry/train-angry-95.png,angry
/Users/raunak/Desktop/python/alphastar_fake_images/fake_train/angry/train-angry-417.png,angry
/Users/raunak/Desktop/python/alphastar_fake_images/fake_train/angry/train-angry-371.png,angry
/Users/raunak/Desktop/python/alphastar_fake_images/fake_train/angry/train-angry-365.png,angry
/Users/raunak/Desktop/python/alphastar_fake_images/fake_train/angry/train-angry-403.png,angry
/Users/raunak/Desktop/python/alphastar_fake_images/fake_train/angry/train-angry-42.png,angry
/Users/raunak/Desktop/python/alphastar_fake_images/fake_train/angry/train-angry-359.png,angry
/Users/raunak/Desktop/python/alphastar_fake_images/fake_train/angry/train-angry-56.png,angry
/Users/raunak/Desktop/python/alphastar_fake_images/fake_train/angry/train-angry-198.png,angry
/Users/raunak/Desktop/python/alphastar_fake_images/fake_train/angry/train-angry-173.png,angry
/Users/raunak/Desktop/python/alphastar_fake_images/fake_train/angry/train-angry-167.png,angry
/Users/raunak/Desktop/python/alphastar_fake_images/fake_train/angry/train-angry-205.png,angry
/Users/raunak/Desktop/python/alphastar_fake_images/fake_train/angry/train-angry-211.png,angry
/Users/raunak/Desktop/python/alphastar_fake_images/fake_train/angry/train-angry-239.png,angry
/Users/raunak/Desktop/python/alphastar_fake_images/fake_train/angry/train-angry-276.png,angry
/Users/raunak/Desktop/python/alphastar_fake_images/fake_train/angry/train-angry-510.png,angry
/Users/raunak/Desktop/python/alphastar_fake_images/fake_train/angry/train-angry-504.png,angry
/Users/raunak/Desktop/python/alphastar_fake_images/fake_train/angry/train-angry-262.png,angry
/Users/raunak/Desktop/python/alphastar_fake_images/fake_train/angry/train-angry-538.png,angry
/Users/raunak/Desktop/python/alphastar_fake_images/fake_train/angry/train-angry-289.png,angry
/Users/raunak/Desktop/python/alphastar_fake_images/fake_train/angry/train-angry-8.png,angry
/Users/raunak/Desktop/python/alphastar_fake_images/fake_train/angry/train-angry-100.png,angry
/Users/raunak/Desktop/python/alphastar_fake_images/fake_train/angry/train-angry-114.png,angry
/Users/raunak/Desktop/python/alphastar_fake_images/fake_train/angry/train-angry-128.png,angry
/Users/raunak/Desktop/python/alphastar_fake_images/fake_train/angry/train-angry-302.png,angry
/Users/raunak/Desktop/python/alphastar_fake_images/fake_train/angry/train-angry-464.png,angry
/Users/raunak/Desktop/python/alphastar_fake_images/fake_train/angry/train-angry-19.png,angry
/Users/raunak/Desktop/python/alphastar_fake_images/fake_train/angry/train-angry-470.png,angry
/Users/raunak/Desktop/python/alphastar_fake_images/fake_train/angry/train-angry-316.png,angry
/Users/raunak/Desktop/python/alphastar_fake_images/fake_train/angry/train-angry-31.png,angry
/Users/raunak/Desktop/python/alphastar_fake_images/fake_train/angry/train-angry-458.png,angry
/Users/raunak/Desktop/python/alphastar_fake_images/fake_train/angry/train-angry-25.png,angry
/Users/raunak/Desktop/python/alphastar_fake_images/fake_train/angry/train-angry-24.png,angry
/Users/raunak/Desktop/python/alphastar_fake_images/fake_train/angry/train-angry-459.png,angry
/Users/raunak/Desktop/python/alphastar_fake_images/fake_train/angry/train-angry-30.png,angry
/Users/raunak/Desktop/python/alphastar_fake_images/fake_train/angry/train-angry-471.png,angry
/Users/raunak/Desktop/python/alphastar_fake_images/fake_train/angry/train-angry-18.png,angry
/Users/raunak/Desktop/python/alphastar_fake_images/fake_train/angry/train-angry-317.png,angry
/Users/raunak/Desktop/python/alphastar_fake_images/fake_train/angry/train-angry-303.png,angry
/Users/raunak/Desktop/python/alphastar_fake_images/fake_train/angry/train-angry-465.png,angry
/Users/raunak/Desktop/python/alphastar_fake_images/fake_train/angry/train-angry-129.png,angry
/Users/raunak/Desktop/python/alphastar_fake_images/fake_train/angry/train-angry-115.png,angry
/Users/raunak/Desktop/python/alphastar_fake_images/fake_train/angry/train-angry-9.png,angry
/Users/raunak/Desktop/python/alphastar_fake_images/fake_train/angry/train-angry-101.png,angry
/Users/raunak/Desktop/python/alphastar_fake_images/fake_train/angry/train-angry-288.png,angry
/Users/raunak/Desktop/python/alphastar_fake_images/fake_train/angry/train-angry-539.png,angry
/Users/raunak/Desktop/python/alphastar_fake_images/fake_train/angry/train-angry-505.png,angry
/Users/raunak/Desktop/python/alphastar_fake_images/fake_train/angry/train-angry-263.png,angry
/Users/raunak/Desktop/python/alphastar_fake_images/fake_train/angry/train-angry-277.png,angry
/Users/raunak/Desktop/python/alphastar_fake_images/fake_train/angry/train-angry-511.png,angry
/Users/raunak/Desktop/python/alphastar_fake_images/fake_train/angry/train-angry-261.png,angry
/Users/raunak/Desktop/python/alphastar_fake_images/fake_train/angry/train-angry-507.png,angry
/Users/raunak/Desktop/python/alphastar_fake_images/fake_train/angry/train-angry-513.png,angry
/Users/raunak/Desktop/python/alphastar_fake_images/fake_train/angry/train-angry-275.png,angry
/Users/raunak/Desktop/python/alphastar_fake_images/fake_train/angry/train-angry-249.png,angry
/Users/raunak/Desktop/python/alphastar_fake_images/fake_train/angry/train-angry-117.png,angry
/Users/raunak/Desktop/python/alphastar_fake_images/fake_train/angry/train-angry-103.png,angry
/Users/raunak/Desktop/python/alphastar_fake_images/fake_train/angry/train-angry-315.png,angry
/Users/raunak/Desktop/python/alphastar_fake_images/fake_train/angry/train-angry-473.png,angry
/Users/raunak/Desktop/python/alphastar_fake_images/fake_train/angry/train-angry-467.png,angry
/Users/raunak/Desktop/python/alphastar_fake_images/fake_train/angry/train-angry-301.png,angry
/Users/raunak/Desktop/python/alphastar_fake_images/fake_train/angry/train-angry-329.png,angry
/Users/raunak/Desktop/python/alphastar_fake_images/fake_train/angry/train-angry-26.png,angry
/Users/raunak/Desktop/python/alphastar_fake_images/fake_train/angry/train-angry-32.png,angry
/Users/raunak/Desktop/python/alphastar_fake_images/fake_train/angry/train-angry-498.png,angry
/Users/raunak/Desktop/python/alphastar_fake_images/fake_train/angry/train-angry-499.png,angry
/Users/raunak/Desktop/python/alphastar_fake_images/fake_train/angry/train-angry-33.png,angry
/Users/raunak/Desktop/python/alphastar_fake_images/fake_train/angry/train-angry-328.png,angry
/Users/raunak/Desktop/python/alphastar_fake_images/fake_train/angry/train-angry-27.png,angry
/Users/raunak/Desktop/python/alphastar_fake_images/fake_train/angry/train-angry-466.png,angry
/Users/raunak/Desktop/python/alphastar_fake_images/fake_train/angry/train-angry-300.png,angry
/Users/raunak/Desktop/python/alphastar_fake_images/fake_train/angry/train-angry-314.png,angry
/Users/raunak/Desktop/python/alphastar_fake_images/fake_train/angry/train-angry-472.png,angry
/Users/raunak/Desktop/python/alphastar_fake_images/fake_train/angry/train-angry-102.png,angry
/Users/raunak/Desktop/python/alphastar_fake_images/fake_train/angry/train-angry-116.png,angry
/Users/raunak/Desktop/python/alphastar_fake_images/fake_train/angry/train-angry-248.png,angry
/Users/raunak/Desktop/python/alphastar_fake_images/fake_train/angry/train-angry-512.png,angry
/Users/raunak/Desktop/python/alphastar_fake_images/fake_train/angry/train-angry-274.png,angry
/Users/raunak/Desktop/python/alphastar_fake_images/fake_train/angry/train-angry-260.png,angry
/Users/raunak/Desktop/python/alphastar_fake_images/fake_train/angry/train-angry-506.png,angry
/Users/raunak/Desktop/python/alphastar_fake_images/fake_train/angry/train-angry-258.png,angry
/Users/raunak/Desktop/python/alphastar_fake_images/fake_train/angry/train-angry-502.png,angry
/Users/raunak/Desktop/python/alphastar_fake_images/fake_train/angry/train-angry-264.png,angry
/Users/raunak/Desktop/python/alphastar_fake_images/fake_train/angry/train-angry-270.png,angry
/Users/raunak/Desktop/python/alphastar_fake_images/fake_train/angry/train-angry-516.png,angry
/Users/raunak/Desktop/python/alphastar_fake_images/fake_train/angry/train-angry-112.png,angry
/Users/raunak/Desktop/python/alphastar_fake_images/fake_train/angry/train-angry-106.png,angry
/Users/raunak/Desktop/python/alphastar_fake_images/fake_train/angry/train-angry-23.png,angry
/Users/raunak/Desktop/python/alphastar_fake_images/fake_train/angry/train-angry-338.png,angry
/Users/raunak/Desktop/python/alphastar_fake_images/fake_train/angry/train-angry-37.png,angry
/Users/raunak/Desktop/python/alphastar_fake_images/fake_train/angry/train-angry-476.png,angry
/Users/raunak/Desktop/python/alphastar_fake_images/fake_train/angry/train-angry-310.png,angry
/Users/raunak/Desktop/python/alphastar_fake_images/fake_train/angry/train-angry-304.png,angry
/Users/raunak/Desktop/python/alphastar_fake_images/fake_train/angry/train-angry-462.png,angry
/Users/raunak/Desktop/python/alphastar_fake_images/fake_train/angry/train-angry-489.png,angry
/Users/raunak/Desktop/python/alphastar_fake_images/fake_train/angry/train-angry-488.png,angry
/Users/raunak/Desktop/python/alphastar_fake_images/fake_train/angry/train-angry-305.png,angry
/Users/raunak/Desktop/python/alphastar_fake_images/fake_train/angry/train-angry-463.png,angry
/Users/raunak/Desktop/python/alphastar_fake_images/fake_train/angry/train-angry-477.png,angry
/Users/raunak/Desktop/python/alphastar_fake_images/fake_train/angry/train-angry-311.png,angry
/Users/raunak/Desktop/python/alphastar_fake_images/fake_train/angry/train-angry-339.png,angry
/Users/raunak/Desktop/python/alphastar_fake_images/fake_train/angry/train-angry-36.png,angry
/Users/raunak/Desktop/python/alphastar_fake_images/fake_train/angry/train-angry-22.png,angry
/Users/raunak/Desktop/python/alphastar_fake_images/fake_train/angry/train-angry-107.png,angry
/Users/raunak/Desktop/python/alphastar_fake_images/fake_train/angry/train-angry-113.png,angry
/Users/raunak/Desktop/python/alphastar_fake_images/fake_train/angry/train-angry-271.png,angry
/Users/raunak/Desktop/python/alphastar_fake_images/fake_train/angry/train-angry-517.png,angry
/Users/raunak/Desktop/python/alphastar_fake_images/fake_train/angry/train-angry-503.png,angry
/Users/raunak/Desktop/python/alphastar_fake_images/fake_train/angry/train-angry-265.png,angry
/Users/raunak/Desktop/python/alphastar_fake_images/fake_train/angry/train-angry-259.png,angry
/Users/raunak/Desktop/python/alphastar_fake_images/fake_train/angry/train-angry-529.png,angry
/Users/raunak/Desktop/python/alphastar_fake_images/fake_train/angry/train-angry-515.png,angry
/Users/raunak/Desktop/python/alphastar_fake_images/fake_train/angry/train-angry-273.png,angry
/Users/raunak/Desktop/python/alphastar_fake_images/fake_train/angry/train-angry-267.png,angry
/Users/raunak/Desktop/python/alphastar_fake_images/fake_train/angry/train-angry-501.png,angry
/Users/raunak/Desktop/python/alphastar_fake_images/fake_train/angry/train-angry-298.png,angry
/Users/raunak/Desktop/python/alphastar_fake_images/fake_train/angry/train-angry-139.png,angry
/Users/raunak/Desktop/python/alphastar_fake_images/fake_train/angry/train-angry-105.png,angry
/Users/raunak/Desktop/python/alphastar_fake_images/fake_train/angry/train-angry-111.png,angry
/Users/raunak/Desktop/python/alphastar_fake_images/fake_train/angry/train-angry-34.png,angry
/Users/raunak/Desktop/python/alphastar_fake_images/fake_train/angry/train-angry-20.png,angry
/Users/raunak/Desktop/python/alphastar_fake_images/fake_train/angry/train-angry-449.png,angry
/Users/raunak/Desktop/python/alphastar_fake_images/fake_train/angry/train-angry-461.png,angry
/Users/raunak/Desktop/python/alphastar_fake_images/fake_train/angry/train-angry-307.png,angry
/Users/raunak/Desktop/python/alphastar_fake_images/fake_train/angry/train-angry-313.png,angry
/Users/raunak/Desktop/python/alphastar_fake_images/fake_train/angry/train-angry-475.png,angry
/Users/raunak/Desktop/python/alphastar_fake_images/fake_train/angry/train-angry-312.png,angry
/Users/raunak/Desktop/python/alphastar_fake_images/fake_train/angry/train-angry-474.png,angry
/Users/raunak/Desktop/python/alphastar_fake_images/fake_train/angry/train-angry-460.png,angry
/Users/raunak/Desktop/python/alphastar_fake_images/fake_train/angry/train-angry-306.png,angry
/Users/raunak/Desktop/python/alphastar_fake_images/fake_train/angry/train-angry-448.png,angry
/Users/raunak/Desktop/python/alphastar_fake_images/fake_train/angry/train-angry-21.png,angry
/Users/raunak/Desktop/python/alphastar_fake_images/fake_train/angry/train-angry-35.png,angry
/Users/raunak/Desktop/python/alphastar_fake_images/fake_train/angry/train-angry-110.png,angry
/Users/raunak/Desktop/python/alphastar_fake_images/fake_train/angry/train-angry-104.png,angry
/Users/raunak/Desktop/python/alphastar_fake_images/fake_train/angry/train-angry-138.png,angry
/Users/raunak/Desktop/python/alphastar_fake_images/fake_train/angry/train-angry-299.png,angry
/Users/raunak/Desktop/python/alphastar_fake_images/fake_train/angry/train-angry-266.png,angry
/Users/raunak/Desktop/python/alphastar_fake_images/fake_train/angry/train-angry-500.png,angry
/Users/raunak/Desktop/python/alphastar_fake_images/fake_train/angry/train-angry-514.png,angry
/Users/raunak/Desktop/python/alphastar_fake_images/fake_train/angry/train-angry-272.png,angry
/Users/raunak/Desktop/python/alphastar_fake_images/fake_train/angry/train-angry-528.png,angry
/Users/raunak/Desktop/python/alphastar_fake_images/fake_train/angry/train-angry-257.png,angry
/Users/raunak/Desktop/python/alphastar_fake_images/fake_train/angry/train-angry-531.png,angry
/Users/raunak/Desktop/python/alphastar_fake_images/fake_train/angry/train-angry-525.png,angry
/Users/raunak/Desktop/python/alphastar_fake_images/fake_train/angry/train-angry-243.png,angry
/Users/raunak/Desktop/python/alphastar_fake_images/fake_train/angry/train-angry-519.png,angry
/Users/raunak/Desktop/python/alphastar_fake_images/fake_train/angry/train-angry-294.png,angry
/Users/raunak/Desktop/python/alphastar_fake_images/fake_train/angry/train-angry-280.png,angry
/Users/raunak/Desktop/python/alphastar_fake_images/fake_train/angry/train-angry-121.png,angry
/Users/raunak/Desktop/python/alphastar_fake_images/fake_train/angry/train-angry-135.png,angry
/Users/raunak/Desktop/python/alphastar_fake_images/fake_train/angry/train-angry-109.png,angry
/Users/raunak/Desktop/python/alphastar_fake_images/fake_train/angry/train-angry-1.png,angry
/Users/raunak/Desktop/python/alphastar_fake_images/fake_train/angry/train-angry-323.png,angry
/Users/raunak/Desktop/python/alphastar_fake_images/fake_train/angry/train-angry-445.png,angry
/Users/raunak/Desktop/python/alphastar_fake_images/fake_train/angry/train-angry-38.png,angry
/Users/raunak/Desktop/python/alphastar_fake_images/fake_train/angry/train-angry-451.png,angry
/Users/raunak/Desktop/python/alphastar_fake_images/fake_train/angry/train-angry-337.png,angry
/Users/raunak/Desktop/python/alphastar_fake_images/fake_train/angry/train-angry-10.png,angry
/Users/raunak/Desktop/python/alphastar_fake_images/fake_train/angry/train-angry-479.png,angry
/Users/raunak/Desktop/python/alphastar_fake_images/fake_train/angry/train-angry-486.png,angry
/Users/raunak/Desktop/python/alphastar_fake_images/fake_train/angry/train-angry-492.png,angry
/Users/raunak/Desktop/python/alphastar_fake_images/fake_train/angry/train-angry-493.png,angry
/Users/raunak/Desktop/python/alphastar_fake_images/fake_train/angry/train-angry-487.png,angry
/Users/raunak/Desktop/python/alphastar_fake_images/fake_train/angry/train-angry-478.png,angry
/Users/raunak/Desktop/python/alphastar_fake_images/fake_train/angry/train-angry-11.png,angry
/Users/raunak/Desktop/python/alphastar_fake_images/fake_train/angry/train-angry-450.png,angry
/Users/raunak/Desktop/python/alphastar_fake_images/fake_train/angry/train-angry-39.png,angry
/Users/raunak/Desktop/python/alphastar_fake_images/fake_train/angry/train-angry-336.png,angry
/Users/raunak/Desktop/python/alphastar_fake_images/fake_train/angry/train-angry-322.png,angry
/Users/raunak/Desktop/python/alphastar_fake_images/fake_train/angry/train-angry-444.png,angry
/Users/raunak/Desktop/python/alphastar_fake_images/fake_train/angry/train-angry-108.png,angry
/Users/raunak/Desktop/python/alphastar_fake_images/fake_train/angry/train-angry-134.png,angry
/Users/raunak/Desktop/python/alphastar_fake_images/fake_train/angry/train-angry-120.png,angry
/Users/raunak/Desktop/python/alphastar_fake_images/fake_train/angry/train-angry-281.png,angry
/Users/raunak/Desktop/python/alphastar_fake_images/fake_train/angry/train-angry-295.png,angry
/Users/raunak/Desktop/python/alphastar_fake_images/fake_train/angry/train-angry-518.png,angry
/Users/raunak/Desktop/python/alphastar_fake_images/fake_train/angry/train-angry-524.png,angry
/Users/raunak/Desktop/python/alphastar_fake_images/fake_train/angry/train-angry-242.png,angry
/Users/raunak/Desktop/python/alphastar_fake_images/fake_train/angry/train-angry-256.png,angry
/Users/raunak/Desktop/python/alphastar_fake_images/fake_train/angry/train-angry-530.png,angry
/Users/raunak/Desktop/python/alphastar_fake_images/fake_train/angry/train-angry-240.png,angry
/Users/raunak/Desktop/python/alphastar_fake_images/fake_train/angry/train-angry-526.png,angry
/Users/raunak/Desktop/python/alphastar_fake_images/fake_train/angry/train-angry-532.png,angry
/Users/raunak/Desktop/python/alphastar_fake_images/fake_train/angry/train-angry-254.png,angry
/Users/raunak/Desktop/python/alphastar_fake_images/fake_train/angry/train-angry-268.png,angry
/Users/raunak/Desktop/python/alphastar_fake_images/fake_train/angry/train-angry-283.png,angry
/Users/raunak/Desktop/python/alphastar_fake_images/fake_train/angry/train-angry-297.png,angry
/Users/raunak/Desktop/python/alphastar_fake_images/fake_train/angry/train-angry-136.png,angry
/Users/raunak/Desktop/python/alphastar_fake_images/fake_train/angry/train-angry-122.png,angry
/Users/raunak/Desktop/python/alphastar_fake_images/fake_train/angry/train-angry-2.png,angry
/Users/raunak/Desktop/python/alphastar_fake_images/fake_train/angry/train-angry-334.png,angry
/Users/raunak/Desktop/python/alphastar_fake_images/fake_train/angry/train-angry-452.png,angry
/Users/raunak/Desktop/python/alphastar_fake_images/fake_train/angry/train-angry-446.png,angry
/Users/raunak/Desktop/python/alphastar_fake_images/fake_train/angry/train-angry-320.png,angry
/Users/raunak/Desktop/python/alphastar_fake_images/fake_train/angry/train-angry-308.png,angry
/Users/raunak/Desktop/python/alphastar_fake_images/fake_train/angry/train-angry-13.png,angry
/Users/raunak/Desktop/python/alphastar_fake_images/fake_train/angry/train-angry-491.png,angry
/Users/raunak/Desktop/python/alphastar_fake_images/fake_train/angry/train-angry-485.png,angry
/Users/raunak/Desktop/python/alphastar_fake_images/fake_train/angry/train-angry-484.png,angry
/Users/raunak/Desktop/python/alphastar_fake_images/fake_train/angry/train-angry-490.png,angry
/Users/raunak/Desktop/python/alphastar_fake_images/fake_train/angry/train-angry-12.png,angry
/Users/raunak/Desktop/python/alphastar_fake_images/fake_train/angry/train-angry-309.png,angry
/Users/raunak/Desktop/python/alphastar_fake_images/fake_train/angry/train-angry-447.png,angry
/Users/raunak/Desktop/python/alphastar_fake_images/fake_train/angry/train-angry-321.png,angry
/Users/raunak/Desktop/python/alphastar_fake_images/fake_train/angry/train-angry-335.png,angry
/Users/raunak/Desktop/python/alphastar_fake_images/fake_train/angry/train-angry-453.png,angry
/Users/raunak/Desktop/python/alphastar_fake_images/fake_train/angry/train-angry-3.png,angry
/Users/raunak/Desktop/python/alphastar_fake_images/fake_train/angry/train-angry-123.png,angry
/Users/raunak/Desktop/python/alphastar_fake_images/fake_train/angry/train-angry-137.png,angry
/Users/raunak/Desktop/python/alphastar_fake_images/fake_train/angry/train-angry-296.png,angry
/Users/raunak/Desktop/python/alphastar_fake_images/fake_train/angry/train-angry-282.png,angry
/Users/raunak/Desktop/python/alphastar_fake_images/fake_train/angry/train-angry-269.png,angry
/Users/raunak/Desktop/python/alphastar_fake_images/fake_train/angry/train-angry-533.png,angry
/Users/raunak/Desktop/python/alphastar_fake_images/fake_train/angry/train-angry-255.png,angry
/Users/raunak/Desktop/python/alphastar_fake_images/fake_train/angry/train-angry-241.png,angry
/Users/raunak/Desktop/python/alphastar_fake_images/fake_train/angry/train-angry-527.png,angry
/Users/raunak/Desktop/python/alphastar_fake_images/fake_train/angry/train-angry-279.png,angry
/Users/raunak/Desktop/python/alphastar_fake_images/fake_train/angry/train-angry-523.png,angry
/Users/raunak/Desktop/python/alphastar_fake_images/fake_train/angry/train-angry-245.png,angry
/Users/raunak/Desktop/python/alphastar_fake_images/fake_train/angry/train-angry-251.png,angry
/Users/raunak/Desktop/python/alphastar_fake_images/fake_train/angry/train-angry-537.png,angry
/Users/raunak/Desktop/python/alphastar_fake_images/fake_train/angry/train-angry-286.png,angry
/Users/raunak/Desktop/python/alphastar_fake_images/fake_train/angry/train-angry-292.png,angry
/Users/raunak/Desktop/python/alphastar_fake_images/fake_train/angry/train-angry-7.png,angry
/Users/raunak/Desktop/python/alphastar_fake_images/fake_train/angry/train-angry-133.png,angry
/Users/raunak/Desktop/python/alphastar_fake_images/fake_train/angry/train-angry-127.png,angry
/Users/raunak/Desktop/python/alphastar_fake_images/fake_train/angry/train-angry-319.png,angry
/Users/raunak/Desktop/python/alphastar_fake_images/fake_train/angry/train-angry-16.png,angry
/Users/raunak/Desktop/python/alphastar_fake_images/fake_train/angry/train-angry-457.png,angry
/Users/raunak/Desktop/python/alphastar_fake_images/fake_train/angry/train-angry-331.png,angry
/Users/raunak/Desktop/python/alphastar_fake_images/fake_train/angry/train-angry-325.png,angry
/Users/raunak/Desktop/python/alphastar_fake_images/fake_train/angry/train-angry-443.png,angry
/Users/raunak/Desktop/python/alphastar_fake_images/fake_train/angry/train-angry-494.png,angry
/Users/raunak/Desktop/python/alphastar_fake_images/fake_train/angry/train-angry-480.png,angry
/Users/raunak/Desktop/python/alphastar_fake_images/fake_train/angry/train-angry-481.png,angry
/Users/raunak/Desktop/python/alphastar_fake_images/fake_train/angry/train-angry-495.png,angry
/Users/raunak/Desktop/python/alphastar_fake_images/fake_train/angry/train-angry-324.png,angry
/Users/raunak/Desktop/python/alphastar_fake_images/fake_train/angry/train-angry-442.png,angry
/Users/raunak/Desktop/python/alphastar_fake_images/fake_train/angry/train-angry-456.png,angry
/Users/raunak/Desktop/python/alphastar_fake_images/fake_train/angry/train-angry-330.png,angry
/Users/raunak/Desktop/python/alphastar_fake_images/fake_train/angry/train-angry-318.png,angry
/Users/raunak/Desktop/python/alphastar_fake_images/fake_train/angry/train-angry-17.png,angry
/Users/raunak/Desktop/python/alphastar_fake_images/fake_train/angry/train-angry-126.png,angry
/Users/raunak/Desktop/python/alphastar_fake_images/fake_train/angry/train-angry-132.png,angry
/Users/raunak/Desktop/python/alphastar_fake_images/fake_train/angry/train-angry-6.png,angry
/Users/raunak/Desktop/python/alphastar_fake_images/fake_train/angry/train-angry-293.png,angry
/Users/raunak/Desktop/python/alphastar_fake_images/fake_train/angry/train-angry-287.png,angry
/Users/raunak/Desktop/python/alphastar_fake_images/fake_train/angry/train-angry-250.png,angry
/Users/raunak/Desktop/python/alphastar_fake_images/fake_train/angry/train-angry-536.png,angry
/Users/raunak/Desktop/python/alphastar_fake_images/fake_train/angry/train-angry-522.png,angry
/Users/raunak/Desktop/python/alphastar_fake_images/fake_train/angry/train-angry-244.png,angry
/Users/raunak/Desktop/python/alphastar_fake_images/fake_train/angry/train-angry-278.png,angry
/Users/raunak/Desktop/python/alphastar_fake_images/fake_train/angry/train-angry-508.png,angry
/Users/raunak/Desktop/python/alphastar_fake_images/fake_train/angry/train-angry-534.png,angry
/Users/raunak/Desktop/python/alphastar_fake_images/fake_train/angry/train-angry-252.png,angry
/Users/raunak/Desktop/python/alphastar_fake_images/fake_train/angry/train-angry-246.png,angry
/Users/raunak/Desktop/python/alphastar_fake_images/fake_train/angry/train-angry-520.png,angry
/Users/raunak/Desktop/python/alphastar_fake_images/fake_train/angry/train-angry-291.png,angry
/Users/raunak/Desktop/python/alphastar_fake_images/fake_train/angry/train-angry-285.png,angry
/Users/raunak/Desktop/python/alphastar_fake_images/fake_train/angry/train-angry-118.png,angry
/Users/raunak/Desktop/python/alphastar_fake_images/fake_train/angry/train-angry-4.png,angry
/Users/raunak/Desktop/python/alphastar_fake_images/fake_train/angry/train-angry-124.png,angry
/Users/raunak/Desktop/python/alphastar_fake_images/fake_train/angry/train-angry-130.png,angry
/Users/raunak/Desktop/python/alphastar_fake_images/fake_train/angry/train-angry-15.png,angry
/Users/raunak/Desktop/python/alphastar_fake_images/fake_train/angry/train-angry-468.png,angry
/Users/raunak/Desktop/python/alphastar_fake_images/fake_train/angry/train-angry-29.png,angry
/Users/raunak/Desktop/python/alphastar_fake_images/fake_train/angry/train-angry-440.png,angry
/Users/raunak/Desktop/python/alphastar_fake_images/fake_train/angry/train-angry-326.png,angry
/Users/raunak/Desktop/python/alphastar_fake_images/fake_train/angry/train-angry-332.png,angry
/Users/raunak/Desktop/python/alphastar_fake_images/fake_train/angry/train-angry-454.png,angry
/Users/raunak/Desktop/python/alphastar_fake_images/fake_train/angry/train-angry-483.png,angry
/Users/raunak/Desktop/python/alphastar_fake_images/fake_train/angry/train-angry-497.png,angry
/Users/raunak/Desktop/python/alphastar_fake_images/fake_train/angry/train-angry-496.png,angry
/Users/raunak/Desktop/python/alphastar_fake_images/fake_train/angry/train-angry-482.png,angry
/Users/raunak/Desktop/python/alphastar_fake_images/fake_train/angry/train-angry-333.png,angry
/Users/raunak/Desktop/python/alphastar_fake_images/fake_train/angry/train-angry-455.png,angry
/Users/raunak/Desktop/python/alphastar_fake_images/fake_train/angry/train-angry-441.png,angry
/Users/raunak/Desktop/python/alphastar_fake_images/fake_train/angry/train-angry-28.png,angry
/Users/raunak/Desktop/python/alphastar_fake_images/fake_train/angry/train-angry-327.png,angry
/Users/raunak/Desktop/python/alphastar_fake_images/fake_train/angry/train-angry-469.png,angry
/Users/raunak/Desktop/python/alphastar_fake_images/fake_train/angry/train-angry-14.png,angry
/Users/raunak/Desktop/python/alphastar_fake_images/fake_train/angry/train-angry-131.png,angry
/Users/raunak/Desktop/python/alphastar_fake_images/fake_train/angry/train-angry-125.png,angry
/Users/raunak/Desktop/python/alphastar_fake_images/fake_train/angry/train-angry-5.png,angry
/Users/raunak/Desktop/python/alphastar_fake_images/fake_train/angry/train-angry-119.png,angry
/Users/raunak/Desktop/python/alphastar_fake_images/fake_train/angry/train-angry-284.png,angry
/Users/raunak/Desktop/python/alphastar_fake_images/fake_train/angry/train-angry-290.png,angry
/Users/raunak/Desktop/python/alphastar_fake_images/fake_train/angry/train-angry-247.png,angry
/Users/raunak/Desktop/python/alphastar_fake_images/fake_train/angry/train-angry-521.png,angry
/Users/raunak/Desktop/python/alphastar_fake_images/fake_train/angry/train-angry-535.png,angry
/Users/raunak/Desktop/python/alphastar_fake_images/fake_train/angry/train-angry-253.png,angry
/Users/raunak/Desktop/python/alphastar_fake_images/fake_train/angry/train-angry-509.png,angry
/Users/raunak/Desktop/python/alphastar_fake_images/fake_train/angry/train-angry-234.png,angry
/Users/raunak/Desktop/python/alphastar_fake_images/fake_train/angry/train-angry-220.png,angry
/Users/raunak/Desktop/python/alphastar_fake_images/fake_train/angry/train-angry-546.png,angry
/Users/raunak/Desktop/python/alphastar_fake_images/fake_train/angry/train-angry-208.png,angry
/Users/raunak/Desktop/python/alphastar_fake_images/fake_train/angry/train-angry-142.png,angry
/Users/raunak/Desktop/python/alphastar_fake_images/fake_train/angry/train-angry-156.png,angry
/Users/raunak/Desktop/python/alphastar_fake_images/fake_train/angry/train-angry-181.png,angry
/Users/raunak/Desktop/python/alphastar_fake_images/fake_train/angry/train-angry-195.png,angry
/Users/raunak/Desktop/python/alphastar_fake_images/fake_train/angry/train-angry-426.png,angry
/Users/raunak/Desktop/python/alphastar_fake_images/fake_train/angry/train-angry-340.png,angry
/Users/raunak/Desktop/python/alphastar_fake_images/fake_train/angry/train-angry-354.png,angry
/Users/raunak/Desktop/python/alphastar_fake_images/fake_train/angry/train-angry-432.png,angry
/Users/raunak/Desktop/python/alphastar_fake_images/fake_train/angry/train-angry-73.png,angry
/Users/raunak/Desktop/python/alphastar_fake_images/fake_train/angry/train-angry-368.png,angry
/Users/raunak/Desktop/python/alphastar_fake_images/fake_train/angry/train-angry-67.png,angry
/Users/raunak/Desktop/python/alphastar_fake_images/fake_train/angry/train-angry-383.png,angry
/Users/raunak/Desktop/python/alphastar_fake_images/fake_train/angry/train-angry-397.png,angry
/Users/raunak/Desktop/python/alphastar_fake_images/fake_train/angry/train-angry-98.png,angry
/Users/raunak/Desktop/python/alphastar_fake_images/fake_train/angry/train-angry-396.png,angry
/Users/raunak/Desktop/python/alphastar_fake_images/fake_train/angry/train-angry-99.png,angry
/Users/raunak/Desktop/python/alphastar_fake_images/fake_train/angry/train-angry-382.png,angry
/Users/raunak/Desktop/python/alphastar_fake_images/fake_train/angry/train-angry-369.png,angry
/Users/raunak/Desktop/python/alphastar_fake_images/fake_train/angry/train-angry-66.png,angry
/Users/raunak/Desktop/python/alphastar_fake_images/fake_train/angry/train-angry-72.png,angry
/Users/raunak/Desktop/python/alphastar_fake_images/fake_train/angry/train-angry-355.png,angry
/Users/raunak/Desktop/python/alphastar_fake_images/fake_train/angry/train-angry-433.png,angry
/Users/raunak/Desktop/python/alphastar_fake_images/fake_train/angry/train-angry-427.png,angry
/Users/raunak/Desktop/python/alphastar_fake_images/fake_train/angry/train-angry-341.png,angry
/Users/raunak/Desktop/python/alphastar_fake_images/fake_train/angry/train-angry-194.png,angry
/Users/raunak/Desktop/python/alphastar_fake_images/fake_train/angry/train-angry-180.png,angry
/Users/raunak/Desktop/python/alphastar_fake_images/fake_train/angry/train-angry-157.png,angry
/Users/raunak/Desktop/python/alphastar_fake_images/fake_train/angry/train-angry-143.png,angry
/Users/raunak/Desktop/python/alphastar_fake_images/fake_train/angry/train-angry-209.png,angry
/Users/raunak/Desktop/python/alphastar_fake_images/fake_train/angry/train-angry-221.png,angry
/Users/raunak/Desktop/python/alphastar_fake_images/fake_train/angry/train-angry-547.png,angry
/Users/raunak/Desktop/python/alphastar_fake_images/fake_train/angry/train-angry-235.png,angry
/Users/raunak/Desktop/python/alphastar_fake_images/fake_train/angry/train-angry-545.png,angry
/Users/raunak/Desktop/python/alphastar_fake_images/fake_train/angry/train-angry-223.png,angry
/Users/raunak/Desktop/python/alphastar_fake_images/fake_train/angry/train-angry-237.png,angry
/Users/raunak/Desktop/python/alphastar_fake_images/fake_train/angry/train-angry-155.png,angry
/Users/raunak/Desktop/python/alphastar_fake_images/fake_train/angry/train-angry-141.png,angry
/Users/raunak/Desktop/python/alphastar_fake_images/fake_train/angry/train-angry-169.png,angry
/Users/raunak/Desktop/python/alphastar_fake_images/fake_train/angry/train-angry-196.png,angry
/Users/raunak/Desktop/python/alphastar_fake_images/fake_train/angry/train-angry-182.png,angry
/Users/raunak/Desktop/python/alphastar_fake_images/fake_train/angry/train-angry-58.png,angry
/Users/raunak/Desktop/python/alphastar_fake_images/fake_train/angry/train-angry-431.png,angry
/Users/raunak/Desktop/python/alphastar_fake_images/fake_train/angry/train-angry-357.png,angry
/Users/raunak/Desktop/python/alphastar_fake_images/fake_train/angry/train-angry-343.png,angry
/Users/raunak/Desktop/python/alphastar_fake_images/fake_train/angry/train-angry-425.png,angry
/Users/raunak/Desktop/python/alphastar_fake_images/fake_train/angry/train-angry-64.png,angry
/Users/raunak/Desktop/python/alphastar_fake_images/fake_train/angry/train-angry-70.png,angry
/Users/raunak/Desktop/python/alphastar_fake_images/fake_train/angry/train-angry-419.png,angry
/Users/raunak/Desktop/python/alphastar_fake_images/fake_train/angry/train-angry-394.png,angry
/Users/raunak/Desktop/python/alphastar_fake_images/fake_train/angry/train-angry-380.png,angry
/Users/raunak/Desktop/python/alphastar_fake_images/fake_train/angry/train-angry-381.png,angry
/Users/raunak/Desktop/python/alphastar_fake_images/fake_train/angry/train-angry-395.png,angry
/Users/raunak/Desktop/python/alphastar_fake_images/fake_train/angry/train-angry-418.png,angry
/Users/raunak/Desktop/python/alphastar_fake_images/fake_train/angry/train-angry-71.png,angry
/Users/raunak/Desktop/python/alphastar_fake_images/fake_train/angry/train-angry-65.png,angry
/Users/raunak/Desktop/python/alphastar_fake_images/fake_train/angry/train-angry-342.png,angry
/Users/raunak/Desktop/python/alphastar_fake_images/fake_train/angry/train-angry-424.png,angry
/Users/raunak/Desktop/python/alphastar_fake_images/fake_train/angry/train-angry-430.png,angry
/Users/raunak/Desktop/python/alphastar_fake_images/fake_train/angry/train-angry-59.png,angry
/Users/raunak/Desktop/python/alphastar_fake_images/fake_train/angry/train-angry-356.png,angry
/Users/raunak/Desktop/python/alphastar_fake_images/fake_train/angry/train-angry-183.png,angry
/Users/raunak/Desktop/python/alphastar_fake_images/fake_train/angry/train-angry-197.png,angry
/Users/raunak/Desktop/python/alphastar_fake_images/fake_train/angry/train-angry-168.png,angry
/Users/raunak/Desktop/python/alphastar_fake_images/fake_train/angry/train-angry-140.png,angry
/Users/raunak/Desktop/python/alphastar_fake_images/fake_train/angry/train-angry-154.png,angry
/Users/raunak/Desktop/python/alphastar_fake_images/fake_train/angry/train-angry-236.png,angry
/Users/raunak/Desktop/python/alphastar_fake_images/fake_train/angry/train-angry-550.png,angry
/Users/raunak/Desktop/python/alphastar_fake_images/fake_train/angry/train-angry-544.png,angry
/Users/raunak/Desktop/python/alphastar_fake_images/fake_train/angry/train-angry-222.png,angry
/Users/raunak/Desktop/python/alphastar_fake_images/fake_train/angry/train-angry-226.png,angry
/Users/raunak/Desktop/python/alphastar_fake_images/fake_train/angry/train-angry-540.png,angry
/Users/raunak/Desktop/python/alphastar_fake_images/fake_train/angry/train-angry-232.png,angry
/Users/raunak/Desktop/python/alphastar_fake_images/fake_train/angry/train-angry-178.png,angry
/Users/raunak/Desktop/python/alphastar_fake_images/fake_train/angry/train-angry-150.png,angry
/Users/raunak/Desktop/python/alphastar_fake_images/fake_train/angry/train-angry-144.png,angry
/Users/raunak/Desktop/python/alphastar_fake_images/fake_train/angry/train-angry-193.png,angry
/Users/raunak/Desktop/python/alphastar_fake_images/fake_train/angry/train-angry-187.png,angry
/Users/raunak/Desktop/python/alphastar_fake_images/fake_train/angry/train-angry-61.png,angry
/Users/raunak/Desktop/python/alphastar_fake_images/fake_train/angry/train-angry-408.png,angry
/Users/raunak/Desktop/python/alphastar_fake_images/fake_train/angry/train-angry-75.png,angry
/Users/raunak/Desktop/python/alphastar_fake_images/fake_train/angry/train-angry-352.png,angry
/Users/raunak/Desktop/python/alphastar_fake_images/fake_train/angry/train-angry-434.png,angry
/Users/raunak/Desktop/python/alphastar_fake_images/fake_train/angry/train-angry-49.png,angry
/Users/raunak/Desktop/python/alphastar_fake_images/fake_train/angry/train-angry-420.png,angry
/Users/raunak/Desktop/python/alphastar_fake_images/fake_train/angry/train-angry-346.png,angry
/Users/raunak/Desktop/python/alphastar_fake_images/fake_train/angry/train-angry-391.png,angry
/Users/raunak/Desktop/python/alphastar_fake_images/fake_train/angry/train-angry-385.png,angry
/Users/raunak/Desktop/python/alphastar_fake_images/fake_train/angry/train-angry-384.png,angry
/Users/raunak/Desktop/python/alphastar_fake_images/fake_train/angry/train-angry-390.png,angry
/Users/raunak/Desktop/python/alphastar_fake_images/fake_train/angry/train-angry-421.png,angry
/Users/raunak/Desktop/python/alphastar_fake_images/fake_train/angry/train-angry-48.png,angry
/Users/raunak/Desktop/python/alphastar_fake_images/fake_train/angry/train-angry-347.png,angry
/Users/raunak/Desktop/python/alphastar_fake_images/fake_train/angry/train-angry-353.png,angry
/Users/raunak/Desktop/python/alphastar_fake_images/fake_train/angry/train-angry-435.png,angry
/Users/raunak/Desktop/python/alphastar_fake_images/fake_train/angry/train-angry-74.png,angry
/Users/raunak/Desktop/python/alphastar_fake_images/fake_train/angry/train-angry-409.png,angry
/Users/raunak/Desktop/python/alphastar_fake_images/fake_train/angry/train-angry-60.png,angry
/Users/raunak/Desktop/python/alphastar_fake_images/fake_train/angry/train-angry-186.png,angry
/Users/raunak/Desktop/python/alphastar_fake_images/fake_train/angry/train-angry-192.png,angry
/Users/raunak/Desktop/python/alphastar_fake_images/fake_train/angry/train-angry-145.png,angry
/Users/raunak/Desktop/python/alphastar_fake_images/fake_train/angry/train-angry-151.png,angry
/Users/raunak/Desktop/python/alphastar_fake_images/fake_train/angry/train-angry-179.png,angry
/Users/raunak/Desktop/python/alphastar_fake_images/fake_train/angry/train-angry-233.png,angry
/Users/raunak/Desktop/python/alphastar_fake_images/fake_train/angry/train-angry-227.png,angry
/Users/raunak/Desktop/python/alphastar_fake_images/fake_train/angry/train-angry-541.png,angry
/Users/raunak/Desktop/python/alphastar_fake_images/fake_train/angry/train-angry-219.png,angry
/Users/raunak/Desktop/python/alphastar_fake_images/fake_train/angry/train-angry-231.png,angry
/Users/raunak/Desktop/python/alphastar_fake_images/fake_train/angry/train-angry-543.png,angry
/Users/raunak/Desktop/python/alphastar_fake_images/fake_train/angry/train-angry-225.png,angry
/Users/raunak/Desktop/python/alphastar_fake_images/fake_train/angry/train-angry-147.png,angry
/Users/raunak/Desktop/python/alphastar_fake_images/fake_train/angry/train-angry-153.png,angry
/Users/raunak/Desktop/python/alphastar_fake_images/fake_train/angry/train-angry-184.png,angry
/Users/raunak/Desktop/python/alphastar_fake_images/fake_train/angry/train-angry-190.png,angry
/Users/raunak/Desktop/python/alphastar_fake_images/fake_train/angry/train-angry-379.png,angry
/Users/raunak/Desktop/python/alphastar_fake_images/fake_train/angry/train-angry-76.png,angry
/Users/raunak/Desktop/python/alphastar_fake_images/fake_train/angry/train-angry-62.png,angry
/Users/raunak/Desktop/python/alphastar_fake_images/fake_train/angry/train-angry-345.png,angry
/Users/raunak/Desktop/python/alphastar_fake_images/fake_train/angry/train-angry-423.png,angry
/Users/raunak/Desktop/python/alphastar_fake_images/fake_train/angry/train-angry-437.png,angry
/Users/raunak/Desktop/python/alphastar_fake_images/fake_train/angry/train-angry-351.png,angry
/Users/raunak/Desktop/python/alphastar_fake_images/fake_train/angry/train-angry-386.png,angry
/Users/raunak/Desktop/python/alphastar_fake_images/fake_train/angry/train-angry-89.png,angry
/Users/raunak/Desktop/python/alphastar_fake_images/fake_train/angry/train-angry-392.png,angry
/Users/raunak/Desktop/python/alphastar_fake_images/fake_train/angry/train-angry-393.png,angry
/Users/raunak/Desktop/python/alphastar_fake_images/fake_train/angry/train-angry-387.png,angry
/Users/raunak/Desktop/python/alphastar_fake_images/fake_train/angry/train-angry-88.png,angry
/Users/raunak/Desktop/python/alphastar_fake_images/fake_train/angry/train-angry-436.png,angry
/Users/raunak/Desktop/python/alphastar_fake_images/fake_train/angry/train-angry-350.png,angry
/Users/raunak/Desktop/python/alphastar_fake_images/fake_train/angry/train-angry-344.png,angry
/Users/raunak/Desktop/python/alphastar_fake_images/fake_train/angry/train-angry-422.png,angry
/Users/raunak/Desktop/python/alphastar_fake_images/fake_train/angry/train-angry-63.png,angry
/Users/raunak/Desktop/python/alphastar_fake_images/fake_train/angry/train-angry-378.png,angry
/Users/raunak/Desktop/python/alphastar_fake_images/fake_train/angry/train-angry-77.png,angry
/Users/raunak/Desktop/python/alphastar_fake_images/fake_train/angry/train-angry-191.png,angry
/Users/raunak/Desktop/python/alphastar_fake_images/fake_train/angry/train-angry-185.png,angry
/Users/raunak/Desktop/python/alphastar_fake_images/fake_train/angry/train-angry-152.png,angry
/Users/raunak/Desktop/python/alphastar_fake_images/fake_train/angry/train-angry-146.png,angry
/Users/raunak/Desktop/python/alphastar_fake_images/fake_train/angry/train-angry-542.png,angry
/Users/raunak/Desktop/python/alphastar_fake_images/fake_train/angry/train-angry-224.png,angry
/Users/raunak/Desktop/python/alphastar_fake_images/fake_train/angry/train-angry-230.png,angry
/Users/raunak/Desktop/python/alphastar_fake_images/fake_train/angry/train-angry-218.png,angry