/Users/raunak/Desktop/python/alphastar_fake_images/fake_train/happy/train-happy-528.png,happy
/Users/raunak/Desktop/python/alphastar_fake_images/fake_train/happy/train-happy-266.png,happy
/Users/raunak/Desktop/python/alphastar_fake_images/fake_train/happy/train-happy-500.png,happy
/Users/raunak/Desktop/python/alphastar_fake_images/fake_train/happy/train-happy-514.png,happy
/Users/raunak/Desktop/python/alphastar_fake_images/fake_train/happy/train-happy-272.png,happy
/Users/raunak/Desktop/python/alphastar_fake_images/fake_train/happy/train-happy-299.png,happy
/Users/raunak/Desktop/python/alphastar_fake_images/fake_train/happy/train-happy-702.png,happy
/Users/raunak/Desktop/python/alphastar_fake_images/fake_train/happy/train-happy-716.png,happy
/Users/raunak/Desktop/python/alphastar_fake_images/fake_train/happy/train-happy-925.png,happy
/Users/raunak/Desktop/python/alphastar_fake_images/fake_train/happy/train-happy-49.png,happy
/Users/raunak/Desktop/python/alphastar_fake_images/fake_train/happy/train-happy-931.png,happy
/Users/raunak/Desktop/python/alphastar_fake_images/fake_train/happy/train-happy-919.png,happy
/Users/raunak/Desktop/python/alphastar_fake_images/fake_train/happy/train-happy-75.png,happy
/Users/raunak/Desktop/python/alphastar_fake_images/fake_train/happy/train-happy-61.png,happy
/Users/raunak/Desktop/python/alphastar_fake_images/fake_train/happy/train-happy-892.png,happy
/Users/raunak/Desktop/python/alphastar_fake_images/fake_train/happy/train-happy-138.png,happy
/Users/raunak/Desktop/python/alphastar_fake_images/fake_train/happy/train-happy-886.png,happy
/Users/raunak/Desktop/python/alphastar_fake_images/fake_train/happy/train-happy-676.png,happy
/Users/raunak/Desktop/python/alphastar_fake_images/fake_train/happy/train-happy-110.png,happy
/Users/raunak/Desktop/python/alphastar_fake_images/fake_train/happy/train-happy-104.png,happy
/Users/raunak/Desktop/python/alphastar_fake_images/fake_train/happy/train-happy-662.png,happy
/Users/raunak/Desktop/python/alphastar_fake_images/fake_train/happy/train-happy-689.png,happy
/Users/raunak/Desktop/python/alphastar_fake_images/fake_train/happy/train-happy-851.png,happy
/Users/raunak/Desktop/python/alphastar_fake_images/fake_train/happy/train-happy-845.png,happy
/Users/raunak/Desktop/python/alphastar_fake_images/fake_train/happy/train-happy-879.png,happy
/Users/raunak/Desktop/python/alphastar_fake_images/fake_train/happy/train-happy-448.png,happy
/Users/raunak/Desktop/python/alphastar_fake_images/fake_train/happy/train-happy-312.png,happy
/Users/raunak/Desktop/python/alphastar_fake_images/fake_train/happy/train-happy-474.png,happy
/Users/raunak/Desktop/python/alphastar_fake_images/fake_train/happy/train-happy-460.png,happy
/Users/raunak/Desktop/python/alphastar_fake_images/fake_train/happy/train-happy-1049.png,happy
/Users/raunak/Desktop/python/alphastar_fake_images/fake_train/happy/train-happy-306.png,happy
/Users/raunak/Desktop/python/alphastar_fake_images/fake_train/happy/train-happy-1048.png,happy
/Users/raunak/Desktop/python/alphastar_fake_images/fake_train/happy/train-happy-461.png,happy
/Users/raunak/Desktop/python/alphastar_fake_images/fake_train/happy/train-happy-307.png,happy
/Users/raunak/Desktop/python/alphastar_fake_images/fake_train/happy/train-happy-313.png,happy
/Users/raunak/Desktop/python/alphastar_fake_images/fake_train/happy/train-happy-475.png,happy
/Users/raunak/Desktop/python/alphastar_fake_images/fake_train/happy/train-happy-449.png,happy
/Users/raunak/Desktop/python/alphastar_fake_images/fake_train/happy/train-happy-878.png,happy
/Users/raunak/Desktop/python/alphastar_fake_images/fake_train/happy/train-happy-844.png,happy
/Users/raunak/Desktop/python/alphastar_fake_images/fake_train/happy/train-happy-850.png,happy
/Users/raunak/Desktop/python/alphastar_fake_images/fake_train/happy/train-happy-688.png,happy
/Users/raunak/Desktop/python/alphastar_fake_images/fake_train/happy/train-happy-105.png,happy
/Users/raunak/Desktop/python/alphastar_fake_images/fake_train/happy/train-happy-663.png,happy
/Users/raunak/Desktop/python/alphastar_fake_images/fake_train/happy/train-happy-677.png,happy
/Users/raunak/Desktop/python/alphastar_fake_images/fake_train/happy/train-happy-111.png,happy
/Users/raunak/Desktop/python/alphastar_fake_images/fake_train/happy/train-happy-139.png,happy
/Users/raunak/Desktop/python/alphastar_fake_images/fake_train/happy/train-happy-887.png,happy
/Users/raunak/Desktop/python/alphastar_fake_images/fake_train/happy/train-happy-893.png,happy
/Users/raunak/Desktop/python/alphastar_fake_images/fake_train/happy/train-happy-60.png,happy
/Users/raunak/Desktop/python/alphastar_fake_images/fake_train/happy/train-happy-918.png,happy
/Users/raunak/Desktop/python/alphastar_fake_images/fake_train/happy/train-happy-74.png,happy
/Users/raunak/Desktop/python/alphastar_fake_images/fake_train/happy/train-happy-930.png,happy
/Users/raunak/Desktop/python/alphastar_fake_images/fake_train/happy/train-happy-924.png,happy
/Users/raunak/Desktop/python/alphastar_fake_images/fake_train/happy/train-happy-48.png,happy
/Users/raunak/Desktop/python/alphastar_fake_images/fake_train/happy/train-happy-717.png,happy
/Users/raunak/Desktop/python/alphastar_fake_images/fake_train/happy/train-happy-703.png,happy
/Users/raunak/Desktop/python/alphastar_fake_images/fake_train/happy/train-happy-298.png,happy
/Users/raunak/Desktop/python/alphastar_fake_images/fake_train/happy/train-happy-515.png,happy
/Users/raunak/Desktop/python/alphastar_fake_images/fake_train/happy/train-happy-273.png,happy
/Users/raunak/Desktop/python/alphastar_fake_images/fake_train/happy/train-happy-267.png,happy
/Users/raunak/Desktop/python/alphastar_fake_images/fake_train/happy/train-happy-501.png,happy
/Users/raunak/Desktop/python/alphastar_fake_images/fake_train/happy/train-happy-529.png,happy
/Users/raunak/Desktop/python/alphastar_fake_images/fake_train/happy/train-happy-259.png,happy
/Users/raunak/Desktop/python/alphastar_fake_images/fake_train/happy/train-happy-271.png,happy
/Users/raunak/Desktop/python/alphastar_fake_images/fake_train/happy/train-happy-517.png,happy
/Users/raunak/Desktop/python/alphastar_fake_images/fake_train/happy/train-happy-503.png,happy
/Users/raunak/Desktop/python/alphastar_fake_images/fake_train/happy/train-happy-265.png,happy
/Users/raunak/Desktop/python/alphastar_fake_images/fake_train/happy/train-happy-729.png,happy
/Users/raunak/Desktop/python/alphastar_fake_images/fake_train/happy/train-happy-89.png,happy
/Users/raunak/Desktop/python/alphastar_fake_images/fake_train/happy/train-happy-715.png,happy
/Users/raunak/Desktop/python/alphastar_fake_images/fake_train/happy/train-happy-701.png,happy
/Users/raunak/Desktop/python/alphastar_fake_images/fake_train/happy/train-happy-932.png,happy
/Users/raunak/Desktop/python/alphastar_fake_images/fake_train/happy/train-happy-926.png,happy
/Users/raunak/Desktop/python/alphastar_fake_images/fake_train/happy/train-happy-62.png,happy
/Users/raunak/Desktop/python/alphastar_fake_images/fake_train/happy/train-happy-76.png,happy
/Users/raunak/Desktop/python/alphastar_fake_images/fake_train/happy/train-happy-885.png,happy
/Users/raunak/Desktop/python/alphastar_fake_images/fake_train/happy/train-happy-891.png,happy
/Users/raunak/Desktop/python/alphastar_fake_images/fake_train/happy/train-happy-649.png,happy
/Users/raunak/Desktop/python/alphastar_fake_images/fake_train/happy/train-happy-661.png,happy
/Users/raunak/Desktop/python/alphastar_fake_images/fake_train/happy/train-happy-107.png,happy
/Users/raunak/Desktop/python/alphastar_fake_images/fake_train/happy/train-happy-113.png,happy
/Users/raunak/Desktop/python/alphastar_fake_images/fake_train/happy/train-happy-675.png,happy
/Users/raunak/Desktop/python/alphastar_fake_images/fake_train/happy/train-happy-846.png,happy
/Users/raunak/Desktop/python/alphastar_fake_images/fake_train/happy/train-happy-852.png,happy
/Users/raunak/Desktop/python/alphastar_fake_images/fake_train/happy/train-happy-339.png,happy
/Users/raunak/Desktop/python/alphastar_fake_images/fake_train/happy/train-happy-305.png,happy
/Users/raunak/Desktop/python/alphastar_fake_images/fake_train/happy/train-happy-463.png,happy
/Users/raunak/Desktop/python/alphastar_fake_images/fake_train/happy/train-happy-477.png,happy
/Users/raunak/Desktop/python/alphastar_fake_images/fake_train/happy/train-happy-311.png,happy
/Users/raunak/Desktop/python/alphastar_fake_images/fake_train/happy/train-happy-488.png,happy
/Users/raunak/Desktop/python/alphastar_fake_images/fake_train/happy/train-happy-489.png,happy
/Users/raunak/Desktop/python/alphastar_fake_images/fake_train/happy/train-happy-476.png,happy
/Users/raunak/Desktop/python/alphastar_fake_images/fake_train/happy/train-happy-310.png,happy
/Users/raunak/Desktop/python/alphastar_fake_images/fake_train/happy/train-happy-304.png,happy
/Users/raunak/Desktop/python/alphastar_fake_images/fake_train/happy/train-happy-462.png,happy
/Users/raunak/Desktop/python/alphastar_fake_images/fake_train/happy/train-happy-338.png,happy
/Users/raunak/Desktop/python/alphastar_fake_images/fake_train/happy/train-happy-853.png,happy
/Users/raunak/Desktop/python/alphastar_fake_images/fake_train/happy/train-happy-847.png,happy
/Users/raunak/Desktop/python/alphastar_fake_images/fake_train/happy/train-happy-112.png,happy
/Users/raunak/Desktop/python/alphastar_fake_images/fake_train/happy/train-happy-674.png,happy
/Users/raunak/Desktop/python/alphastar_fake_images/fake_train/happy/train-happy-660.png,happy
/Users/raunak/Desktop/python/alphastar_fake_images/fake_train/happy/train-happy-106.png,happy
/Users/raunak/Desktop/python/alphastar_fake_images/fake_train/happy/train-happy-648.png,happy
/Users/raunak/Desktop/python/alphastar_fake_images/fake_train/happy/train-happy-890.png,happy
/Users/raunak/Desktop/python/alphastar_fake_images/fake_train/happy/train-happy-884.png,happy
/Users/raunak/Desktop/python/alphastar_fake_images/fake_train/happy/train-happy-77.png,happy
/Users/raunak/Desktop/python/alphastar_fake_images/fake_train/happy/train-happy-63.png,happy
/Users/raunak/Desktop/python/alphastar_fake_images/fake_train/happy/train-happy-927.png,happy
/Users/raunak/Desktop/python/alphastar_fake_images/fake_train/happy/train-happy-933.png,happy
/Users/raunak/Desktop/python/alphastar_fake_images/fake_train/happy/train-happy-700.png,happy
/Users/raunak/Desktop/python/alphastar_fake_images/fake_train/happy/train-happy-714.png,happy
/Users/raunak/Desktop/python/alphastar_fake_images/fake_train/happy/train-happy-88.png,happy
/Users/raunak/Desktop/python/alphastar_fake_images/fake_train/happy/train-happy-728.png,happy
/Users/raunak/Desktop/python/alphastar_fake_images/fake_train/happy/train-happy-502.png,happy
/Users/raunak/Desktop/python/alphastar_fake_images/fake_train/happy/train-happy-264.png,happy
/Users/raunak/Desktop/python/alphastar_fake_images/fake_train/happy/train-happy-270.png,happy
/Users/raunak/Desktop/python/alphastar_fake_images/fake_train/happy/train-happy-516.png,happy
/Users/raunak/Desktop/python/alphastar_fake_images/fake_train/happy/train-happy-258.png,happy
/Users/raunak/Desktop/python/alphastar_fake_images/fake_train/happy/train-happy-512.png,happy
/Users/raunak/Desktop/python/alphastar_fake_images/fake_train/happy/train-happy-274.png,happy
/Users/raunak/Desktop/python/alphastar_fake_images/fake_train/happy/train-happy-260.png,happy
/Users/raunak/Desktop/python/alphastar_fake_images/fake_train/happy/train-happy-506.png,happy
/Users/raunak/Desktop/python/alphastar_fake_images/fake_train/happy/train-happy-248.png,happy
/Users/raunak/Desktop/python/alphastar_fake_images/fake_train/happy/train-happy-710.png,happy
/Users/raunak/Desktop/python/alphastar_fake_images/fake_train/happy/train-happy-704.png,happy
/Users/raunak/Desktop/python/alphastar_fake_images/fake_train/happy/train-happy-98.png,happy
/Users/raunak/Desktop/python/alphastar_fake_images/fake_train/happy/train-happy-738.png,happy
/Users/raunak/Desktop/python/alphastar_fake_images/fake_train/happy/train-happy-67.png,happy
/Users/raunak/Desktop/python/alphastar_fake_images/fake_train/happy/train-happy-73.png,happy
/Users/raunak/Desktop/python/alphastar_fake_images/fake_train/happy/train-happy-937.png,happy
/Users/raunak/Desktop/python/alphastar_fake_images/fake_train/happy/train-happy-923.png,happy
/Users/raunak/Desktop/python/alphastar_fake_images/fake_train/happy/train-happy-102.png,happy
/Users/raunak/Desktop/python/alphastar_fake_images/fake_train/happy/train-happy-664.png,happy
/Users/raunak/Desktop/python/alphastar_fake_images/fake_train/happy/train-happy-670.png,happy
/Users/raunak/Desktop/python/alphastar_fake_images/fake_train/happy/train-happy-116.png,happy
/Users/raunak/Desktop/python/alphastar_fake_images/fake_train/happy/train-happy-880.png,happy
/Users/raunak/Desktop/python/alphastar_fake_images/fake_train/happy/train-happy-658.png,happy
/Users/raunak/Desktop/python/alphastar_fake_images/fake_train/happy/train-happy-894.png,happy
/Users/raunak/Desktop/python/alphastar_fake_images/fake_train/happy/train-happy-843.png,happy
/Users/raunak/Desktop/python/alphastar_fake_images/fake_train/happy/train-happy-857.png,happy
/Users/raunak/Desktop/python/alphastar_fake_images/fake_train/happy/train-happy-466.png,happy
/Users/raunak/Desktop/python/alphastar_fake_images/fake_train/happy/train-happy-300.png,happy
/Users/raunak/Desktop/python/alphastar_fake_images/fake_train/happy/train-happy-314.png,happy
/Users/raunak/Desktop/python/alphastar_fake_images/fake_train/happy/train-happy-472.png,happy
/Users/raunak/Desktop/python/alphastar_fake_images/fake_train/happy/train-happy-328.png,happy
/Users/raunak/Desktop/python/alphastar_fake_images/fake_train/happy/train-happy-499.png,happy
/Users/raunak/Desktop/python/alphastar_fake_images/fake_train/happy/train-happy-498.png,happy
/Users/raunak/Desktop/python/alphastar_fake_images/fake_train/happy/train-happy-329.png,happy
/Users/raunak/Desktop/python/alphastar_fake_images/fake_train/happy/train-happy-315.png,happy
/Users/raunak/Desktop/python/alphastar_fake_images/fake_train/happy/train-happy-473.png,happy
/Users/raunak/Desktop/python/alphastar_fake_images/fake_train/happy/train-happy-467.png,happy
/Users/raunak/Desktop/python/alphastar_fake_images/fake_train/happy/train-happy-301.png,happy
/Users/raunak/Desktop/python/alphastar_fake_images/fake_train/happy/train-happy-856.png,happy
/Users/raunak/Desktop/python/alphastar_fake_images/fake_train/happy/train-happy-842.png,happy
/Users/raunak/Desktop/python/alphastar_fake_images/fake_train/happy/train-happy-895.png,happy
/Users/raunak/Desktop/python/alphastar_fake_images/fake_train/happy/train-happy-659.png,happy
/Users/raunak/Desktop/python/alphastar_fake_images/fake_train/happy/train-happy-881.png,happy
/Users/raunak/Desktop/python/alphastar_fake_images/fake_train/happy/train-happy-671.png,happy
/Users/raunak/Desktop/python/alphastar_fake_images/fake_train/happy/train-happy-117.png,happy
/Users/raunak/Desktop/python/alphastar_fake_images/fake_train/happy/train-happy-103.png,happy
/Users/raunak/Desktop/python/alphastar_fake_images/fake_train/happy/train-happy-665.png,happy
/Users/raunak/Desktop/python/alphastar_fake_images/fake_train/happy/train-happy-922.png,happy
/Users/raunak/Desktop/python/alphastar_fake_images/fake_train/happy/train-happy-936.png,happy
/Users/raunak/Desktop/python/alphastar_fake_images/fake_train/happy/train-happy-72.png,happy
/Users/raunak/Desktop/python/alphastar_fake_images/fake_train/happy/train-happy-66.png,happy
/Users/raunak/Desktop/python/alphastar_fake_images/fake_train/happy/train-happy-739.png,happy
/Users/raunak/Desktop/python/alphastar_fake_images/fake_train/happy/train-happy-99.png,happy
/Users/raunak/Desktop/python/alphastar_fake_images/fake_train/happy/train-happy-705.png,happy
/Users/raunak/Desktop/python/alphastar_fake_images/fake_train/happy/train-happy-711.png,happy
/Users/raunak/Desktop/python/alphastar_fake_images/fake_train/happy/train-happy-249.png,happy
/Users/raunak/Desktop/python/alphastar_fake_images/fake_train/happy/train-happy-261.png,happy
/Users/raunak/Desktop/python/alphastar_fake_images/fake_train/happy/train-happy-507.png,happy
/Users/raunak/Desktop/python/alphastar_fake_images/fake_train/happy/train-happy-513.png,happy
/Users/raunak/Desktop/python/alphastar_fake_images/fake_train/happy/train-happy-275.png,happy
/Users/raunak/Desktop/python/alphastar_fake_images/fake_train/happy/train-happy-505.png,happy
/Users/raunak/Desktop/python/alphastar_fake_images/fake_train/happy/train-happy-263.png,happy
/Users/raunak/Desktop/python/alphastar_fake_images/fake_train/happy/train-happy-277.png,happy
/Users/raunak/Desktop/python/alphastar_fake_images/fake_train/happy/train-happy-511.png,happy
/Users/raunak/Desktop/python/alphastar_fake_images/fake_train/happy/train-happy-539.png,happy
/Users/raunak/Desktop/python/alphastar_fake_images/fake_train/happy/train-happy-288.png,happy
/Users/raunak/Desktop/python/alphastar_fake_images/fake_train/happy/train-happy-707.png,happy
/Users/raunak/Desktop/python/alphastar_fake_images/fake_train/happy/train-happy-713.png,happy
/Users/raunak/Desktop/python/alphastar_fake_images/fake_train/happy/train-happy-70.png,happy
/Users/raunak/Desktop/python/alphastar_fake_images/fake_train/happy/train-happy-908.png,happy
/Users/raunak/Desktop/python/alphastar_fake_images/fake_train/happy/train-happy-64.png,happy
/Users/raunak/Desktop/python/alphastar_fake_images/fake_train/happy/train-happy-920.png,happy
/Users/raunak/Desktop/python/alphastar_fake_images/fake_train/happy/train-happy-934.png,happy
/Users/raunak/Desktop/python/alphastar_fake_images/fake_train/happy/train-happy-58.png,happy
/Users/raunak/Desktop/python/alphastar_fake_images/fake_train/happy/train-happy-115.png,happy
/Users/raunak/Desktop/python/alphastar_fake_images/fake_train/happy/train-happy-673.png,happy
/Users/raunak/Desktop/python/alphastar_fake_images/fake_train/happy/train-happy-667.png,happy
/Users/raunak/Desktop/python/alphastar_fake_images/fake_train/happy/train-happy-101.png,happy
/Users/raunak/Desktop/python/alphastar_fake_images/fake_train/happy/train-happy-129.png,happy
/Users/raunak/Desktop/python/alphastar_fake_images/fake_train/happy/train-happy-897.png,happy
/Users/raunak/Desktop/python/alphastar_fake_images/fake_train/happy/train-happy-883.png,happy
/Users/raunak/Desktop/python/alphastar_fake_images/fake_train/happy/train-happy-868.png,happy
/Users/raunak/Desktop/python/alphastar_fake_images/fake_train/happy/train-happy-854.png,happy
/Users/raunak/Desktop/python/alphastar_fake_images/fake_train/happy/train-happy-698.png,happy
/Users/raunak/Desktop/python/alphastar_fake_images/fake_train/happy/train-happy-840.png,happy
/Users/raunak/Desktop/python/alphastar_fake_images/fake_train/happy/train-happy-471.png,happy
/Users/raunak/Desktop/python/alphastar_fake_images/fake_train/happy/train-happy-317.png,happy
/Users/raunak/Desktop/python/alphastar_fake_images/fake_train/happy/train-happy-303.png,happy
/Users/raunak/Desktop/python/alphastar_fake_images/fake_train/happy/train-happy-465.png,happy
/Users/raunak/Desktop/python/alphastar_fake_images/fake_train/happy/train-happy-459.png,happy
/Users/raunak/Desktop/python/alphastar_fake_images/fake_train/happy/train-happy-458.png,happy
/Users/raunak/Desktop/python/alphastar_fake_images/fake_train/happy/train-happy-302.png,happy
/Users/raunak/Desktop/python/alphastar_fake_images/fake_train/happy/train-happy-464.png,happy
/Users/raunak/Desktop/python/alphastar_fake_images/fake_train/happy/train-happy-470.png,happy
/Users/raunak/Desktop/python/alphastar_fake_images/fake_train/happy/train-happy-316.png,happy
/Users/raunak/Desktop/python/alphastar_fake_images/fake_train/happy/train-happy-841.png,happy
/Users/raunak/Desktop/python/alphastar_fake_images/fake_train/happy/train-happy-699.png,happy
/Users/raunak/Desktop/python/alphastar_fake_images/fake_train/happy/train-happy-855.png,happy
/Users/raunak/Desktop/python/alphastar_fake_images/fake_train/happy/train-happy-869.png,happy
/Users/raunak/Desktop/python/alphastar_fake_images/fake_train/happy/train-happy-882.png,happy
/Users/raunak/Desktop/python/alphastar_fake_images/fake_train/happy/train-happy-128.png,happy
/Users/raunak/Desktop/python/alphastar_fake_images/fake_train/happy/train-happy-896.png,happy
/Users/raunak/Desktop/python/alphastar_fake_images/fake_train/happy/train-happy-666.png,happy
/Users/raunak/Desktop/python/alphastar_fake_images/fake_train/happy/train-happy-100.png,happy
/Users/raunak/Desktop/python/alphastar_fake_images/fake_train/happy/train-happy-114.png,happy
/Users/raunak/Desktop/python/alphastar_fake_images/fake_train/happy/train-happy-672.png,happy
/Users/raunak/Desktop/python/alphastar_fake_images/fake_train/happy/train-happy-935.png,happy
/Users/raunak/Desktop/python/alphastar_fake_images/fake_train/happy/train-happy-59.png,happy
/Users/raunak/Desktop/python/alphastar_fake_images/fake_train/happy/train-happy-921.png,happy
/Users/raunak/Desktop/python/alphastar_fake_images/fake_train/happy/train-happy-909.png,happy
/Users/raunak/Desktop/python/alphastar_fake_images/fake_train/happy/train-happy-65.png,happy
/Users/raunak/Desktop/python/alphastar_fake_images/fake_train/happy/train-happy-71.png,happy
/Users/raunak/Desktop/python/alphastar_fake_images/fake_train/happy/train-happy-712.png,happy
/Users/raunak/Desktop/python/alphastar_fake_images/fake_train/happy/train-happy-706.png,happy
/Users/raunak/Desktop/python/alphastar_fake_images/fake_train/happy/train-happy-289.png,happy
/Users/raunak/Desktop/python/alphastar_fake_images/fake_train/happy/train-happy-538.png,happy
/Users/raunak/Desktop/python/alphastar_fake_images/fake_train/happy/train-happy-276.png,happy
/Users/raunak/Desktop/python/alphastar_fake_images/fake_train/happy/train-happy-510.png,happy
/Users/raunak/Desktop/python/alphastar_fake_images/fake_train/happy/train-happy-504.png,happy
/Users/raunak/Desktop/python/alphastar_fake_images/fake_train/happy/train-happy-262.png,happy
/Users/raunak/Desktop/python/alphastar_fake_images/fake_train/happy/train-happy-239.png,happy
/Users/raunak/Desktop/python/alphastar_fake_images/fake_train/happy/train-happy-563.png,happy
/Users/raunak/Desktop/python/alphastar_fake_images/fake_train/happy/train-happy-205.png,happy
/Users/raunak/Desktop/python/alphastar_fake_images/fake_train/happy/train-happy-211.png,happy
/Users/raunak/Desktop/python/alphastar_fake_images/fake_train/happy/train-happy-577.png,happy
/Users/raunak/Desktop/python/alphastar_fake_images/fake_train/happy/train-happy-588.png,happy
/Users/raunak/Desktop/python/alphastar_fake_images/fake_train/happy/train-happy-985.png,happy
/Users/raunak/Desktop/python/alphastar_fake_images/fake_train/happy/train-happy-749.png,happy
/Users/raunak/Desktop/python/alphastar_fake_images/fake_train/happy/train-happy-991.png,happy
/Users/raunak/Desktop/python/alphastar_fake_images/fake_train/happy/train-happy-761.png,happy
/Users/raunak/Desktop/python/alphastar_fake_images/fake_train/happy/train-happy-775.png,happy
/Users/raunak/Desktop/python/alphastar_fake_images/fake_train/happy/train-happy-946.png,happy
/Users/raunak/Desktop/python/alphastar_fake_images/fake_train/happy/train-happy-952.png,happy
/Users/raunak/Desktop/python/alphastar_fake_images/fake_train/happy/train-happy-16.png,happy
/Users/raunak/Desktop/python/alphastar_fake_images/fake_train/happy/train-happy-629.png,happy
/Users/raunak/Desktop/python/alphastar_fake_images/fake_train/happy/train-happy-173.png,happy
/Users/raunak/Desktop/python/alphastar_fake_images/fake_train/happy/train-happy-615.png,happy
/Users/raunak/Desktop/python/alphastar_fake_images/fake_train/happy/train-happy-601.png,happy
/Users/raunak/Desktop/python/alphastar_fake_images/fake_train/happy/train-happy-167.png,happy
/Users/raunak/Desktop/python/alphastar_fake_images/fake_train/happy/train-happy-832.png,happy
/Users/raunak/Desktop/python/alphastar_fake_images/fake_train/happy/train-happy-826.png,happy
/Users/raunak/Desktop/python/alphastar_fake_images/fake_train/happy/train-happy-198.png,happy
/Users/raunak/Desktop/python/alphastar_fake_images/fake_train/happy/train-happy-1002.png,happy
/Users/raunak/Desktop/python/alphastar_fake_images/fake_train/happy/train-happy-359.png,happy
/Users/raunak/Desktop/python/alphastar_fake_images/fake_train/happy/train-happy-1016.png,happy
/Users/raunak/Desktop/python/alphastar_fake_images/fake_train/happy/train-happy-417.png,happy
/Users/raunak/Desktop/python/alphastar_fake_images/fake_train/happy/train-happy-371.png,happy
/Users/raunak/Desktop/python/alphastar_fake_images/fake_train/happy/train-happy-365.png,happy
/Users/raunak/Desktop/python/alphastar_fake_images/fake_train/happy/train-happy-403.png,happy
/Users/raunak/Desktop/python/alphastar_fake_images/fake_train/happy/train-happy-364.png,happy
/Users/raunak/Desktop/python/alphastar_fake_images/fake_train/happy/train-happy-402.png,happy
/Users/raunak/Desktop/python/alphastar_fake_images/fake_train/happy/train-happy-416.png,happy
/Users/raunak/Desktop/python/alphastar_fake_images/fake_train/happy/train-happy-370.png,happy
/Users/raunak/Desktop/python/alphastar_fake_images/fake_train/happy/train-happy-358.png,happy
/Users/raunak/Desktop/python/alphastar_fake_images/fake_train/happy/train-happy-1017.png,happy
/Users/raunak/Desktop/python/alphastar_fake_images/fake_train/happy/train-happy-1003.png,happy
/Users/raunak/Desktop/python/alphastar_fake_images/fake_train/happy/train-happy-827.png,happy
/Users/raunak/Desktop/python/alphastar_fake_images/fake_train/happy/train-happy-199.png,happy
/Users/raunak/Desktop/python/alphastar_fake_images/fake_train/happy/train-happy-833.png,happy
/Users/raunak/Desktop/python/alphastar_fake_images/fake_train/happy/train-happy-600.png,happy
/Users/raunak/Desktop/python/alphastar_fake_images/fake_train/happy/train-happy-166.png,happy
/Users/raunak/Desktop/python/alphastar_fake_images/fake_train/happy/train-happy-172.png,happy
/Users/raunak/Desktop/python/alphastar_fake_images/fake_train/happy/train-happy-614.png,happy
/Users/raunak/Desktop/python/alphastar_fake_images/fake_train/happy/train-happy-628.png,happy
/Users/raunak/Desktop/python/alphastar_fake_images/fake_train/happy/train-happy-17.png,happy
/Users/raunak/Desktop/python/alphastar_fake_images/fake_train/happy/train-happy-953.png,happy
/Users/raunak/Desktop/python/alphastar_fake_images/fake_train/happy/train-happy-947.png,happy
/Users/raunak/Desktop/python/alphastar_fake_images/fake_train/happy/train-happy-774.png,happy
/Users/raunak/Desktop/python/alphastar_fake_images/fake_train/happy/train-happy-760.png,happy
/Users/raunak/Desktop/python/alphastar_fake_images/fake_train/happy/train-happy-990.png,happy
/Users/raunak/Desktop/python/alphastar_fake_images/fake_train/happy/train-happy-748.png,happy
/Users/raunak/Desktop/python/alphastar_fake_images/fake_train/happy/train-happy-984.png,happy
/Users/raunak/Desktop/python/alphastar_fake_images/fake_train/happy/train-happy-589.png,happy
/Users/raunak/Desktop/python/alphastar_fake_images/fake_train/happy/train-happy-210.png,happy
/Users/raunak/Desktop/python/alphastar_fake_images/fake_train/happy/train-happy-576.png,happy
/Users/raunak/Desktop/python/alphastar_fake_images/fake_train/happy/train-happy-562.png,happy
/Users/raunak/Desktop/python/alphastar_fake_images/fake_train/happy/train-happy-204.png,happy
/Users/raunak/Desktop/python/alphastar_fake_images/fake_train/happy/train-happy-238.png,happy
/Users/raunak/Desktop/python/alphastar_fake_images/fake_train/happy/train-happy-548.png,happy
/Users/raunak/Desktop/python/alphastar_fake_images/fake_train/happy/train-happy-574.png,happy
/Users/raunak/Desktop/python/alphastar_fake_images/fake_train/happy/train-happy-212.png,happy
/Users/raunak/Desktop/python/alphastar_fake_images/fake_train/happy/train-happy-206.png,happy
/Users/raunak/Desktop/python/alphastar_fake_images/fake_train/happy/train-happy-560.png,happy
/Users/raunak/Desktop/python/alphastar_fake_images/fake_train/happy/train-happy-992.png,happy
/Users/raunak/Desktop/python/alphastar_fake_images/fake_train/happy/train-happy-986.png,happy
/Users/raunak/Desktop/python/alphastar_fake_images/fake_train/happy/train-happy-776.png,happy
/Users/raunak/Desktop/python/alphastar_fake_images/fake_train/happy/train-happy-762.png,happy
/Users/raunak/Desktop/python/alphastar_fake_images/fake_train/happy/train-happy-951.png,happy
/Users/raunak/Desktop/python/alphastar_fake_images/fake_train/happy/train-happy-789.png,happy
/Users/raunak/Desktop/python/alphastar_fake_images/fake_train/happy/train-happy-945.png,happy
/Users/raunak/Desktop/python/alphastar_fake_images/fake_train/happy/train-happy-29.png,happy
/Users/raunak/Desktop/python/alphastar_fake_images/fake_train/happy/train-happy-979.png,happy
/Users/raunak/Desktop/python/alphastar_fake_images/fake_train/happy/train-happy-15.png,happy
/Users/raunak/Desktop/python/alphastar_fake_images/fake_train/happy/train-happy-158.png,happy
/Users/raunak/Desktop/python/alphastar_fake_images/fake_train/happy/train-happy-164.png,happy
/Users/raunak/Desktop/python/alphastar_fake_images/fake_train/happy/train-happy-602.png,happy
/Users/raunak/Desktop/python/alphastar_fake_images/fake_train/happy/train-happy-616.png,happy
/Users/raunak/Desktop/python/alphastar_fake_images/fake_train/happy/train-happy-170.png,happy
/Users/raunak/Desktop/python/alphastar_fake_images/fake_train/happy/train-happy-825.png,happy
/Users/raunak/Desktop/python/alphastar_fake_images/fake_train/happy/train-happy-831.png,happy
/Users/raunak/Desktop/python/alphastar_fake_images/fake_train/happy/train-happy-819.png,happy
/Users/raunak/Desktop/python/alphastar_fake_images/fake_train/happy/train-happy-1015.png,happy
/Users/raunak/Desktop/python/alphastar_fake_images/fake_train/happy/train-happy-428.png,happy
/Users/raunak/Desktop/python/alphastar_fake_images/fake_train/happy/train-happy-1001.png,happy
/Users/raunak/Desktop/python/alphastar_fake_images/fake_train/happy/train-happy-400.png,happy
/Users/raunak/Desktop/python/alphastar_fake_images/fake_train/happy/train-happy-1029.png,happy
/Users/raunak/Desktop/python/alphastar_fake_images/fake_train/happy/train-happy-366.png,happy
/Users/raunak/Desktop/python/alphastar_fake_images/fake_train/happy/train-happy-372.png,happy
/Users/raunak/Desktop/python/alphastar_fake_images/fake_train/happy/train-happy-414.png,happy
/Users/raunak/Desktop/python/alphastar_fake_images/fake_train/happy/train-happy-399.png,happy
/Users/raunak/Desktop/python/alphastar_fake_images/fake_train/happy/train-happy-398.png,happy
/Users/raunak/Desktop/python/alphastar_fake_images/fake_train/happy/train-happy-373.png,happy
/Users/raunak/Desktop/python/alphastar_fake_images/fake_train/happy/train-happy-415.png,happy
/Users/raunak/Desktop/python/alphastar_fake_images/fake_train/happy/train-happy-1028.png,happy
/Users/raunak/Desktop/python/alphastar_fake_images/fake_train/happy/train-happy-401.png,happy
/Users/raunak/Desktop/python/alphastar_fake_images/fake_train/happy/train-happy-367.png,happy
/Users/raunak/Desktop/python/alphastar_fake_images/fake_train/happy/train-happy-1000.png,happy
/Users/raunak/Desktop/python/alphastar_fake_images/fake_train/happy/train-happy-429.png,happy
/Users/raunak/Desktop/python/alphastar_fake_images/fake_train/happy/train-happy-1014.png,happy
/Users/raunak/Desktop/python/alphastar_fake_images/fake_train/happy/train-happy-818.png,happy
/Users/raunak/Desktop/python/alphastar_fake_images/fake_train/happy/train-happy-830.png,happy
/Users/raunak/Desktop/python/alphastar_fake_images/fake_train/happy/train-happy-824.png,happy
/Users/raunak/Desktop/python/alphastar_fake_images/fake_train/happy/train-happy-617.png,happy
/Users/raunak/Desktop/python/alphastar_fake_images/fake_train/happy/train-happy-171.png,happy
/Users/raunak/Desktop/python/alphastar_fake_images/fake_train/happy/train-happy-165.png,happy
/Users/raunak/Desktop/python/alphastar_fake_images/fake_train/happy/train-happy-603.png,happy
/Users/raunak/Desktop/python/alphastar_fake_images/fake_train/happy/train-happy-159.png,happy
/Users/raunak/Desktop/python/alphastar_fake_images/fake_train/happy/train-happy-978.png,happy
/Users/raunak/Desktop/python/alphastar_fake_images/fake_train/happy/train-happy-14.png,happy
/Users/raunak/Desktop/python/alphastar_fake_images/fake_train/happy/train-happy-944.png,happy
/Users/raunak/Desktop/python/alphastar_fake_images/fake_train/happy/train-happy-28.png,happy
/Users/raunak/Desktop/python/alphastar_fake_images/fake_train/happy/train-happy-788.png,happy
/Users/raunak/Desktop/python/alphastar_fake_images/fake_train/happy/train-happy-950.png,happy
/Users/raunak/Desktop/python/alphastar_fake_images/fake_train/happy/train-happy-763.png,happy
/Users/raunak/Desktop/python/alphastar_fake_images/fake_train/happy/train-happy-777.png,happy
/Users/raunak/Desktop/python/alphastar_fake_images/fake_train/happy/train-happy-987.png,happy
/Users/raunak/Desktop/python/alphastar_fake_images/fake_train/happy/train-happy-993.png,happy
/Users/raunak/Desktop/python/alphastar_fake_images/fake_train/happy/train-happy-207.png,happy
/Users/raunak/Desktop/python/alphastar_fake_images/fake_train/happy/train-happy-561.png,happy
/Users/raunak/Desktop/python/alphastar_fake_images/fake_train/happy/train-happy-575.png,happy
/Users/raunak/Desktop/python/alphastar_fake_images/fake_train/happy/train-happy-213.png,happy
/Users/raunak/Desktop/python/alphastar_fake_images/fake_train/happy/train-happy-549.png,happy
/Users/raunak/Desktop/python/alphastar_fake_images/fake_train/happy/train-happy-217.png,happy
/Users/raunak/Desktop/python/alphastar_fake_images/fake_train/happy/train-happy-571.png,happy
/Users/raunak/Desktop/python/alphastar_fake_images/fake_train/happy/train-happy-565.png,happy
/Users/raunak/Desktop/python/alphastar_fake_images/fake_train/happy/train-happy-203.png,happy
/Users/raunak/Desktop/python/alphastar_fake_images/fake_train/happy/train-happy-559.png,happy
/Users/raunak/Desktop/python/alphastar_fake_images/fake_train/happy/train-happy-773.png,happy
/Users/raunak/Desktop/python/alphastar_fake_images/fake_train/happy/train-happy-767.png,happy
/Users/raunak/Desktop/python/alphastar_fake_images/fake_train/happy/train-happy-997.png,happy
/Users/raunak/Desktop/python/alphastar_fake_images/fake_train/happy/train-happy-983.png,happy
/Users/raunak/Desktop/python/alphastar_fake_images/fake_train/happy/train-happy-968.png,happy
/Users/raunak/Desktop/python/alphastar_fake_images/fake_train/happy/train-happy-10.png,happy
/Users/raunak/Desktop/python/alphastar_fake_images/fake_train/happy/train-happy-954.png,happy
/Users/raunak/Desktop/python/alphastar_fake_images/fake_train/happy/train-happy-38.png,happy
/Users/raunak/Desktop/python/alphastar_fake_images/fake_train/happy/train-happy-940.png,happy
/Users/raunak/Desktop/python/alphastar_fake_images/fake_train/happy/train-happy-798.png,happy
/Users/raunak/Desktop/python/alphastar_fake_images/fake_train/happy/train-happy-607.png,happy
/Users/raunak/Desktop/python/alphastar_fake_images/fake_train/happy/train-happy-161.png,happy
/Users/raunak/Desktop/python/alphastar_fake_images/fake_train/happy/train-happy-175.png,happy
/Users/raunak/Desktop/python/alphastar_fake_images/fake_train/happy/train-happy-613.png,happy
/Users/raunak/Desktop/python/alphastar_fake_images/fake_train/happy/train-happy-8.png,happy
/Users/raunak/Desktop/python/alphastar_fake_images/fake_train/happy/train-happy-149.png,happy
/Users/raunak/Desktop/python/alphastar_fake_images/fake_train/happy/train-happy-808.png,happy
/Users/raunak/Desktop/python/alphastar_fake_images/fake_train/happy/train-happy-820.png,happy
/Users/raunak/Desktop/python/alphastar_fake_images/fake_train/happy/train-happy-834.png,happy
/Users/raunak/Desktop/python/alphastar_fake_images/fake_train/happy/train-happy-363.png,happy
/Users/raunak/Desktop/python/alphastar_fake_images/fake_train/happy/train-happy-405.png,happy
/Users/raunak/Desktop/python/alphastar_fake_images/fake_train/happy/train-happy-1038.png,happy
/Users/raunak/Desktop/python/alphastar_fake_images/fake_train/happy/train-happy-411.png,happy
/Users/raunak/Desktop/python/alphastar_fake_images/fake_train/happy/train-happy-377.png,happy
/Users/raunak/Desktop/python/alphastar_fake_images/fake_train/happy/train-happy-1010.png,happy
/Users/raunak/Desktop/python/alphastar_fake_images/fake_train/happy/train-happy-439.png,happy
/Users/raunak/Desktop/python/alphastar_fake_images/fake_train/happy/train-happy-1004.png,happy
/Users/raunak/Desktop/python/alphastar_fake_images/fake_train/happy/train-happy-388.png,happy
/Users/raunak/Desktop/python/alphastar_fake_images/fake_train/happy/train-happy-389.png,happy
/Users/raunak/Desktop/python/alphastar_fake_images/fake_train/happy/train-happy-1005.png,happy
/Users/raunak/Desktop/python/alphastar_fake_images/fake_train/happy/train-happy-438.png,happy
/Users/raunak/Desktop/python/alphastar_fake_images/fake_train/happy/train-happy-1011.png,happy
/Users/raunak/Desktop/python/alphastar_fake_images/fake_train/happy/train-happy-410.png,happy
/Users/raunak/Desktop/python/alphastar_fake_images/fake_train/happy/train-happy-1039.png,happy
/Users/raunak/Desktop/python/alphastar_fake_images/fake_train/happy/train-happy-376.png,happy
/Users/raunak/Desktop/python/alphastar_fake_images/fake_train/happy/train-happy-362.png,happy
/Users/raunak/Desktop/python/alphastar_fake_images/fake_train/happy/train-happy-404.png,happy
/Users/raunak/Desktop/python/alphastar_fake_images/fake_train/happy/train-happy-835.png,happy
/Users/raunak/Desktop/python/alphastar_fake_images/fake_train/happy/train-happy-821.png,happy
/Users/raunak/Desktop/python/alphastar_fake_images/fake_train/happy/train-happy-809.png,happy
/Users/raunak/Desktop/python/alphastar_fake_images/fake_train/happy/train-happy-148.png,happy
/Users/raunak/Desktop/python/alphastar_fake_images/fake_train/happy/train-happy-9.png,happy
/Users/raunak/Desktop/python/alphastar_fake_images/fake_train/happy/train-happy-174.png,happy
/Users/raunak/Desktop/python/alphastar_fake_images/fake_train/happy/train-happy-612.png,happy
/Users/raunak/Desktop/python/alphastar_fake_images/fake_train/happy/train-happy-606.png,happy
/Users/raunak/Desktop/python/alphastar_fake_images/fake_train/happy/train-happy-160.png,happy
/Users/raunak/Desktop/python/alphastar_fake_images/fake_train/happy/train-happy-799.png,happy
/Users/raunak/Desktop/python/alphastar_fake_images/fake_train/happy/train-happy-941.png,happy
/Users/raunak/Desktop/python/alphastar_fake_images/fake_train/happy/train-happy-955.png,happy
/Users/raunak/Desktop/python/alphastar_fake_images/fake_train/happy/train-happy-39.png,happy
/Users/raunak/Desktop/python/alphastar_fake_images/fake_train/happy/train-happy-11.png,happy
/Users/raunak/Desktop/python/alphastar_fake_images/fake_train/happy/train-happy-969.png,happy
/Users/raunak/Desktop/python/alphastar_fake_images/fake_train/happy/train-happy-982.png,happy
/Users/raunak/Desktop/python/alphastar_fake_images/fake_train/happy/train-happy-996.png,happy
/Users/raunak/Desktop/python/alphastar_fake_images/fake_train/happy/train-happy-766.png,happy
/Users/raunak/Desktop/python/alphastar_fake_images/fake_train/happy/train-happy-772.png,happy
/Users/raunak/Desktop/python/alphastar_fake_images/fake_train/happy/train-happy-558.png,happy
/Users/raunak/Desktop/python/alphastar_fake_images/fake_train/happy/train-happy-564.png,happy
/Users/raunak/Desktop/python/alphastar_fake_images/fake_train/happy/train-happy-202.png,happy
/Users/raunak/Desktop/python/alphastar_fake_images/fake_train/happy/train-happy-216.png,happy
/Users/raunak/Desktop/python/alphastar_fake_images/fake_train/happy/train-happy-570.png,happy
/Users/raunak/Desktop/python/alphastar_fake_images/fake_train/happy/train-happy-200.png,happy
/Users/raunak/Desktop/python/alphastar_fake_images/fake_train/happy/train-happy-566.png,happy
/Users/raunak/Desktop/python/alphastar_fake_images/fake_train/happy/train-happy-572.png,happy
/Users/raunak/Desktop/python/alphastar_fake_images/fake_train/happy/train-happy-214.png,happy
/Users/raunak/Desktop/python/alphastar_fake_images/fake_train/happy/train-happy-228.png,happy
/Users/raunak/Desktop/python/alphastar_fake_images/fake_train/happy/train-happy-599.png,happy
/Users/raunak/Desktop/python/alphastar_fake_images/fake_train/happy/train-happy-764.png,happy
/Users/raunak/Desktop/python/alphastar_fake_images/fake_train/happy/train-happy-770.png,happy
/Users/raunak/Desktop/python/alphastar_fake_images/fake_train/happy/train-happy-758.png,happy
/Users/raunak/Desktop/python/alphastar_fake_images/fake_train/happy/train-happy-980.png,happy
/Users/raunak/Desktop/python/alphastar_fake_images/fake_train/happy/train-happy-994.png,happy
/Users/raunak/Desktop/python/alphastar_fake_images/fake_train/happy/train-happy-13.png,happy
/Users/raunak/Desktop/python/alphastar_fake_images/fake_train/happy/train-happy-943.png,happy
/Users/raunak/Desktop/python/alphastar_fake_images/fake_train/happy/train-happy-957.png,happy
/Users/raunak/Desktop/python/alphastar_fake_images/fake_train/happy/train-happy-610.png,happy
/Users/raunak/Desktop/python/alphastar_fake_images/fake_train/happy/train-happy-176.png,happy
/Users/raunak/Desktop/python/alphastar_fake_images/fake_train/happy/train-happy-162.png,happy
/Users/raunak/Desktop/python/alphastar_fake_images/fake_train/happy/train-happy-604.png,happy
/Users/raunak/Desktop/python/alphastar_fake_images/fake_train/happy/train-happy-638.png,happy
/Users/raunak/Desktop/python/alphastar_fake_images/fake_train/happy/train-happy-837.png,happy
/Users/raunak/Desktop/python/alphastar_fake_images/fake_train/happy/train-happy-189.png,happy
/Users/raunak/Desktop/python/alphastar_fake_images/fake_train/happy/train-happy-823.png,happy
/Users/raunak/Desktop/python/alphastar_fake_images/fake_train/happy/train-happy-374.png,happy
/Users/raunak/Desktop/python/alphastar_fake_images/fake_train/happy/train-happy-412.png,happy
/Users/raunak/Desktop/python/alphastar_fake_images/fake_train/happy/train-happy-406.png,happy
/Users/raunak/Desktop/python/alphastar_fake_images/fake_train/happy/train-happy-360.png,happy
/Users/raunak/Desktop/python/alphastar_fake_images/fake_train/happy/train-happy-348.png,happy
/Users/raunak/Desktop/python/alphastar_fake_images/fake_train/happy/train-happy-1007.png,happy
/Users/raunak/Desktop/python/alphastar_fake_images/fake_train/happy/train-happy-1013.png,happy
/Users/raunak/Desktop/python/alphastar_fake_images/fake_train/happy/train-happy-1012.png,happy
/Users/raunak/Desktop/python/alphastar_fake_images/fake_train/happy/train-happy-349.png,happy
/Users/raunak/Desktop/python/alphastar_fake_images/fake_train/happy/train-happy-1006.png,happy
/Users/raunak/Desktop/python/alphastar_fake_images/fake_train/happy/train-happy-407.png,happy
/Users/raunak/Desktop/python/alphastar_fake_images/fake_train/happy/train-happy-361.png,happy
/Users/raunak/Desktop/python/alphastar_fake_images/fake_train/happy/train-happy-375.png,happy
/Users/raunak/Desktop/python/alphastar_fake_images/fake_train/happy/train-happy-413.png,happy
/Users/raunak/Desktop/python/alphastar_fake_images/fake_train/happy/train-happy-822.png,happy
/Users/raunak/Desktop/python/alphastar_fake_images/fake_train/happy/train-happy-836.png,happy
/Users/raunak/Desktop/python/alphastar_fake_images/fake_train/happy/train-happy-188.png,happy
/Users/raunak/Desktop/python/alphastar_fake_images/fake_train/happy/train-happy-639.png,happy
/Users/raunak/Desktop/python/alphastar_fake_images/fake_train/happy/train-happy-163.png,happy
/Users/raunak/Desktop/python/alphastar_fake_images/fake_train/happy/train-happy-605.png,happy
/Users/raunak/Desktop/python/alphastar_fake_images/fake_train/happy/train-happy-611.png,happy
/Users/raunak/Desktop/python/alphastar_fake_images/fake_train/happy/train-happy-177.png,happy
/Users/raunak/Desktop/python/alphastar_fake_images/fake_train/happy/train-happy-956.png,happy
/Users/raunak/Desktop/python/alphastar_fake_images/fake_train/happy/train-happy-942.png,happy
/Users/raunak/Desktop/python/alphastar_fake_images/fake_train/happy/train-happy-12.png,happy
/Users/raunak/Desktop/python/alphastar_fake_images/fake_train/happy/train-happy-995.png,happy
/Users/raunak/Desktop/python/alphastar_fake_images/fake_train/happy/train-happy-981.png,happy
/Users/raunak/Desktop/python/alphastar_fake_images/fake_train/happy/train-happy-759.png,happy
/Users/raunak/Desktop/python/alphastar_fake_images/fake_train/happy/train-happy-771.png,happy
/Users/raunak/Desktop/python/alphastar_fake_images/fake_train/happy/train-happy-765.png,happy
/Users/raunak/Desktop/python/alphastar_fake_images/fake_train/happy/train-happy-598.png,happy
/Users/raunak/Desktop/python/alphastar_fake_images/fake_train/happy/train-happy-229.png,happy
/Users/raunak/Desktop/python/alphastar_fake_images/fake_train/happy/train-happy-573.png,happy
/Users/raunak/Desktop/python/alphastar_fake_images/fake_train/happy/train-happy-215.png,happy
/Users/raunak/Desktop/python/alphastar_fake_images/fake_train/happy/train-happy-201.png,happy
/Users/raunak/Desktop/python/alphastar_fake_images/fake_train/happy/train-happy-567.png,happy
/Users/raunak/Desktop/python/alphastar_fake_images/fake_train/happy/train-happy-218.png,happy
/Users/raunak/Desktop/python/alphastar_fake_images/fake_train/happy/train-happy-542.png,happy
/Users/raunak/Desktop/python/alphastar_fake_images/fake_train/happy/train-happy-224.png,happy
/Users/raunak/Desktop/python/alphastar_fake_images/fake_train/happy/train-happy-230.png,happy
/Users/raunak/Desktop/python/alphastar_fake_images/fake_train/happy/train-happy-556.png,happy
/Users/raunak/Desktop/python/alphastar_fake_images/fake_train/happy/train-happy-581.png,happy
/Users/raunak/Desktop/python/alphastar_fake_images/fake_train/happy/train-happy-595.png,happy
/Users/raunak/Desktop/python/alphastar_fake_images/fake_train/happy/train-happy-768.png,happy
/Users/raunak/Desktop/python/alphastar_fake_images/fake_train/happy/train-happy-740.png,happy
/Users/raunak/Desktop/python/alphastar_fake_images/fake_train/happy/train-happy-998.png,happy
/Users/raunak/Desktop/python/alphastar_fake_images/fake_train/happy/train-happy-754.png,happy
/Users/raunak/Desktop/python/alphastar_fake_images/fake_train/happy/train-happy-967.png,happy
/Users/raunak/Desktop/python/alphastar_fake_images/fake_train/happy/train-happy-973.png,happy
/Users/raunak/Desktop/python/alphastar_fake_images/fake_train/happy/train-happy-37.png,happy
/Users/raunak/Desktop/python/alphastar_fake_images/fake_train/happy/train-happy-783.png,happy
/Users/raunak/Desktop/python/alphastar_fake_images/fake_train/happy/train-happy-797.png,happy
/Users/raunak/Desktop/python/alphastar_fake_images/fake_train/happy/train-happy-23.png,happy
/Users/raunak/Desktop/python/alphastar_fake_images/fake_train/happy/train-happy-608.png,happy
/Users/raunak/Desktop/python/alphastar_fake_images/fake_train/happy/train-happy-152.png,happy
/Users/raunak/Desktop/python/alphastar_fake_images/fake_train/happy/train-happy-7.png,happy
/Users/raunak/Desktop/python/alphastar_fake_images/fake_train/happy/train-happy-634.png,happy
/Users/raunak/Desktop/python/alphastar_fake_images/fake_train/happy/train-happy-620.png,happy
/Users/raunak/Desktop/python/alphastar_fake_images/fake_train/happy/train-happy-146.png,happy
/Users/raunak/Desktop/python/alphastar_fake_images/fake_train/happy/train-happy-813.png,happy
/Users/raunak/Desktop/python/alphastar_fake_images/fake_train/happy/train-happy-807.png,happy
/Users/raunak/Desktop/python/alphastar_fake_images/fake_train/happy/train-happy-191.png,happy
/Users/raunak/Desktop/python/alphastar_fake_images/fake_train/happy/train-happy-185.png,happy
/Users/raunak/Desktop/python/alphastar_fake_images/fake_train/happy/train-happy-1023.png,happy
/Users/raunak/Desktop/python/alphastar_fake_images/fake_train/happy/train-happy-378.png,happy
/Users/raunak/Desktop/python/alphastar_fake_images/fake_train/happy/train-happy-1037.png,happy
/Users/raunak/Desktop/python/alphastar_fake_images/fake_train/happy/train-happy-436.png,happy
/Users/raunak/Desktop/python/alphastar_fake_images/fake_train/happy/train-happy-350.png,happy
/Users/raunak/Desktop/python/alphastar_fake_images/fake_train/happy/train-happy-344.png,happy
/Users/raunak/Desktop/python/alphastar_fake_images/fake_train/happy/train-happy-422.png,happy
/Users/raunak/Desktop/python/alphastar_fake_images/fake_train/happy/train-happy-393.png,happy
/Users/raunak/Desktop/python/alphastar_fake_images/fake_train/happy/train-happy-387.png,happy
/Users/raunak/Desktop/python/alphastar_fake_images/fake_train/happy/train-happy-386.png,happy
/Users/raunak/Desktop/python/alphastar_fake_images/fake_train/happy/train-happy-392.png,happy
/Users/raunak/Desktop/python/alphastar_fake_images/fake_train/happy/train-happy-345.png,happy
/Users/raunak/Desktop/python/alphastar_fake_images/fake_train/happy/train-happy-423.png,happy
/Users/raunak/Desktop/python/alphastar_fake_images/fake_train/happy/train-happy-437.png,happy
/Users/raunak/Desktop/python/alphastar_fake_images/fake_train/happy/train-happy-351.png,happy
/Users/raunak/Desktop/python/alphastar_fake_images/fake_train/happy/train-happy-379.png,happy
/Users/raunak/Desktop/python/alphastar_fake_images/fake_train/happy/train-happy-1036.png,happy
/Users/raunak/Desktop/python/alphastar_fake_images/fake_train/happy/train-happy-1022.png,happy
/Users/raunak/Desktop/python/alphastar_fake_images/fake_train/happy/train-happy-184.png,happy
/Users/raunak/Desktop/python/alphastar_fake_images/fake_train/happy/train-happy-190.png,happy
/Users/raunak/Desktop/python/alphastar_fake_images/fake_train/happy/train-happy-806.png,happy
/Users/raunak/Desktop/python/alphastar_fake_images/fake_train/happy/train-happy-812.png,happy
/Users/raunak/Desktop/python/alphastar_fake_images/fake_train/happy/train-happy-621.png,happy
/Users/raunak/Desktop/python/alphastar_fake_images/fake_train/happy/train-happy-147.png,happy
/Users/raunak/Desktop/python/alphastar_fake_images/fake_train/happy/train-happy-153.png,happy
/Users/raunak/Desktop/python/alphastar_fake_images/fake_train/happy/train-happy-635.png,happy
/Users/raunak/Desktop/python/alphastar_fake_images/fake_train/happy/train-happy-6.png,happy
/Users/raunak/Desktop/python/alphastar_fake_images/fake_train/happy/train-happy-609.png,happy
/Users/raunak/Desktop/python/alphastar_fake_images/fake_train/happy/train-happy-796.png,happy
/Users/raunak/Desktop/python/alphastar_fake_images/fake_train/happy/train-happy-22.png,happy
/Users/raunak/Desktop/python/alphastar_fake_images/fake_train/happy/train-happy-36.png,happy
/Users/raunak/Desktop/python/alphastar_fake_images/fake_train/happy/train-happy-782.png,happy
/Users/raunak/Desktop/python/alphastar_fake_images/fake_train/happy/train-happy-972.png,happy
/Users/raunak/Desktop/python/alphastar_fake_images/fake_train/happy/train-happy-966.png,happy
/Users/raunak/Desktop/python/alphastar_fake_images/fake_train/happy/train-happy-755.png,happy
/Users/raunak/Desktop/python/alphastar_fake_images/fake_train/happy/train-happy-999.png,happy
/Users/raunak/Desktop/python/alphastar_fake_images/fake_train/happy/train-happy-741.png,happy
/Users/raunak/Desktop/python/alphastar_fake_images/fake_train/happy/train-happy-769.png,happy
/Users/raunak/Desktop/python/alphastar_fake_images/fake_train/happy/train-happy-594.png,happy
/Users/raunak/Desktop/python/alphastar_fake_images/fake_train/happy/train-happy-580.png,happy
/Users/raunak/Desktop/python/alphastar_fake_images/fake_train/happy/train-happy-231.png,happy
/Users/raunak/Desktop/python/alphastar_fake_images/fake_train/happy/train-happy-557.png,happy
/Users/raunak/Desktop/python/alphastar_fake_images/fake_train/happy/train-happy-543.png,happy
/Users/raunak/Desktop/python/alphastar_fake_images/fake_train/happy/train-happy-225.png,happy
/Users/raunak/Desktop/python/alphastar_fake_images/fake_train/happy/train-happy-219.png,happy
/Users/raunak/Desktop/python/alphastar_fake_images/fake_train/happy/train-happy-569.png,happy
/Users/raunak/Desktop/python/alphastar_fake_images/fake_train/happy/train-happy-555.png,happy
/Users/raunak/Desktop/python/alphastar_fake_images/fake_train/happy/train-happy-233.png,happy
/Users/raunak/Desktop/python/alphastar_fake_images/fake_train/happy/train-happy-227.png,happy
/Users/raunak/Desktop/python/alphastar_fake_images/fake_train/happy/train-happy-541.png,happy
/Users/raunak/Desktop/python/alphastar_fake_images/fake_train/happy/train-happy-596.png,happy
/Users/raunak/Desktop/python/alphastar_fake_images/fake_train/happy/train-happy-582.png,happy
/Users/raunak/Desktop/python/alphastar_fake_images/fake_train/happy/train-happy-757.png,happy
/Users/raunak/Desktop/python/alphastar_fake_images/fake_train/happy/train-happy-743.png,happy
/Users/raunak/Desktop/python/alphastar_fake_images/fake_train/happy/train-happy-970.png,happy
/Users/raunak/Desktop/python/alphastar_fake_images/fake_train/happy/train-happy-964.png,happy
/Users/raunak/Desktop/python/alphastar_fake_images/fake_train/happy/train-happy-20.png,happy
/Users/raunak/Desktop/python/alphastar_fake_images/fake_train/happy/train-happy-794.png,happy
/Users/raunak/Desktop/python/alphastar_fake_images/fake_train/happy/train-happy-958.png,happy
/Users/raunak/Desktop/python/alphastar_fake_images/fake_train/happy/train-happy-780.png,happy
/Users/raunak/Desktop/python/alphastar_fake_images/fake_train/happy/train-happy-34.png,happy
/Users/raunak/Desktop/python/alphastar_fake_images/fake_train/happy/train-happy-179.png,happy
/Users/raunak/Desktop/python/alphastar_fake_images/fake_train/happy/train-happy-145.png,happy
/Users/raunak/Desktop/python/alphastar_fake_images/fake_train/happy/train-happy-623.png,happy
/Users/raunak/Desktop/python/alphastar_fake_images/fake_train/happy/train-happy-4.png,happy
/Users/raunak/Desktop/python/alphastar_fake_images/fake_train/happy/train-happy-637.png,happy
/Users/raunak/Desktop/python/alphastar_fake_images/fake_train/happy/train-happy-151.png,happy
/Users/raunak/Desktop/python/alphastar_fake_images/fake_train/happy/train-happy-804.png,happy
/Users/raunak/Desktop/python/alphastar_fake_images/fake_train/happy/train-happy-810.png,happy
/Users/raunak/Desktop/python/alphastar_fake_images/fake_train/happy/train-happy-186.png,happy
/Users/raunak/Desktop/python/alphastar_fake_images/fake_train/happy/train-happy-838.png,happy
/Users/raunak/Desktop/python/alphastar_fake_images/fake_train/happy/train-happy-192.png,happy
/Users/raunak/Desktop/python/alphastar_fake_images/fake_train/happy/train-happy-1034.png,happy
/Users/raunak/Desktop/python/alphastar_fake_images/fake_train/happy/train-happy-409.png,happy
/Users/raunak/Desktop/python/alphastar_fake_images/fake_train/happy/train-happy-1020.png,happy
/Users/raunak/Desktop/python/alphastar_fake_images/fake_train/happy/train-happy-421.png,happy
/Users/raunak/Desktop/python/alphastar_fake_images/fake_train/happy/train-happy-1008.png,happy
/Users/raunak/Desktop/python/alphastar_fake_images/fake_train/happy/train-happy-347.png,happy
/Users/raunak/Desktop/python/alphastar_fake_images/fake_train/happy/train-happy-353.png,happy
/Users/raunak/Desktop/python/alphastar_fake_images/fake_train/happy/train-happy-435.png,happy
/Users/raunak/Desktop/python/alphastar_fake_images/fake_train/happy/train-happy-384.png,happy
/Users/raunak/Desktop/python/alphastar_fake_images/fake_train/happy/train-happy-390.png,happy
/Users/raunak/Desktop/python/alphastar_fake_images/fake_train/happy/train-happy-391.png,happy
/Users/raunak/Desktop/python/alphastar_fake_images/fake_train/happy/train-happy-385.png,happy
/Users/raunak/Desktop/python/alphastar_fake_images/fake_train/happy/train-happy-352.png,happy
/Users/raunak/Desktop/python/alphastar_fake_images/fake_train/happy/train-happy-434.png,happy
/Users/raunak/Desktop/python/alphastar_fake_images/fake_train/happy/train-happy-1009.png,happy
/Users/raunak/Desktop/python/alphastar_fake_images/fake_train/happy/train-happy-420.png,happy
/Users/raunak/Desktop/python/alphastar_fake_images/fake_train/happy/train-happy-346.png,happy
/Users/raunak/Desktop/python/alphastar_fake_images/fake_train/happy/train-happy-1021.png,happy
/Users/raunak/Desktop/python/alphastar_fake_images/fake_train/happy/train-happy-408.png,happy
/Users/raunak/Desktop/python/alphastar_fake_images/fake_train/happy/train-happy-1035.png,happy
/Users/raunak/Desktop/python/alphastar_fake_images/fake_train/happy/train-happy-193.png,happy
/Users/raunak/Desktop/python/alphastar_fake_images/fake_train/happy/train-happy-187.png,happy
/Users/raunak/Desktop/python/alphastar_fake_images/fake_train/happy/train-happy-839.png,happy
/Users/raunak/Desktop/python/alphastar_fake_images/fake_train/happy/train-happy-811.png,happy
/Users/raunak/Desktop/python/alphastar_fake_images/fake_train/happy/train-happy-805.png,happy
/Users/raunak/Desktop/python/alphastar_fake_images/fake_train/happy/train-happy-636.png,happy
/Users/raunak/Desktop/python/alphastar_fake_images/fake_train/happy/train-happy-5.png,happy
/Users/raunak/Desktop/python/alphastar_fake_images/fake_train/happy/train-happy-150.png,happy
/Users/raunak/Desktop/python/alphastar_fake_images/fake_train/happy/train-happy-144.png,happy
/Users/raunak/Desktop/python/alphastar_fake_images/fake_train/happy/train-happy-622.png,happy
/Users/raunak/Desktop/python/alphastar_fake_images/fake_train/happy/train-happy-178.png,happy
/Users/raunak/Desktop/python/alphastar_fake_images/fake_train/happy/train-happy-781.png,happy
/Users/raunak/Desktop/python/alphastar_fake_images/fake_train/happy/train-happy-959.png,happy
/Users/raunak/Desktop/python/alphastar_fake_images/fake_train/happy/train-happy-35.png,happy
/Users/raunak/Desktop/python/alphastar_fake_images/fake_train/happy/train-happy-21.png,happy
/Users/raunak/Desktop/python/alphastar_fake_images/fake_train/happy/train-happy-795.png,happy
/Users/raunak/Desktop/python/alphastar_fake_images/fake_train/happy/train-happy-965.png,happy
/Users/raunak/Desktop/python/alphastar_fake_images/fake_train/happy/train-happy-971.png,happy
/Users/raunak/Desktop/python/alphastar_fake_images/fake_train/happy/train-happy-742.png,happy
/Users/raunak/Desktop/python/alphastar_fake_images/fake_train/happy/train-happy-756.png,happy
/Users/raunak/Desktop/python/alphastar_fake_images/fake_train/happy/train-happy-583.png,happy
/Users/raunak/Desktop/python/alphastar_fake_images/fake_train/happy/train-happy-597.png,happy
/Users/raunak/Desktop/python/alphastar_fake_images/fake_train/happy/train-happy-226.png,happy
/Users/raunak/Desktop/python/alphastar_fake_images/fake_train/happy/train-happy-540.png,happy
/Users/raunak/Desktop/python/alphastar_fake_images/fake_train/happy/train-happy-554.png,happy
/Users/raunak/Desktop/python/alphastar_fake_images/fake_train/happy/train-happy-232.png,happy
/Users/raunak/Desktop/python/alphastar_fake_images/fake_train/happy/train-happy-568.png,happy
/Users/raunak/Desktop/python/alphastar_fake_images/fake_train/happy/train-happy-236.png,happy
/Users/raunak/Desktop/python/alphastar_fake_images/fake_train/happy/train-happy-550.png,happy
/Users/raunak/Desktop/python/alphastar_fake_images/fake_train/happy/train-happy-544.png,happy
/Users/raunak/Desktop/python/alphastar_fake_images/fake_train/happy/train-happy-222.png,happy
/Users/raunak/Desktop/python/alphastar_fake_images/fake_train/happy/train-happy-578.png,happy
/Users/raunak/Desktop/python/alphastar_fake_images/fake_train/happy/train-happy-593.png,happy
/Users/raunak/Desktop/python/alphastar_fake_images/fake_train/happy/train-happy-587.png,happy
/Users/raunak/Desktop/python/alphastar_fake_images/fake_train/happy/train-happy-752.png,happy
/Users/raunak/Desktop/python/alphastar_fake_images/fake_train/happy/train-happy-746.png,happy
/Users/raunak/Desktop/python/alphastar_fake_images/fake_train/happy/train-happy-949.png,happy
/Users/raunak/Desktop/python/alphastar_fake_images/fake_train/happy/train-happy-791.png,happy
/Users/raunak/Desktop/python/alphastar_fake_images/fake_train/happy/train-happy-25.png,happy
/Users/raunak/Desktop/python/alphastar_fake_images/fake_train/happy/train-happy-31.png,happy
/Users/raunak/Desktop/python/alphastar_fake_images/fake_train/happy/train-happy-785.png,happy
/Users/raunak/Desktop/python/alphastar_fake_images/fake_train/happy/train-happy-975.png,happy
/Users/raunak/Desktop/python/alphastar_fake_images/fake_train/happy/train-happy-19.png,happy
/Users/raunak/Desktop/python/alphastar_fake_images/fake_train/happy/train-happy-961.png,happy
/Users/raunak/Desktop/python/alphastar_fake_images/fake_train/happy/train-happy-626.png,happy
/Users/raunak/Desktop/python/alphastar_fake_images/fake_train/happy/train-happy-140.png,happy
/Users/raunak/Desktop/python/alphastar_fake_images/fake_train/happy/train-happy-154.png,happy
/Users/raunak/Desktop/python/alphastar_fake_images/fake_train/happy/train-happy-1.png,happy
/Users/raunak/Desktop/python/alphastar_fake_images/fake_train/happy/train-happy-632.png,happy
/Users/raunak/Desktop/python/alphastar_fake_images/fake_train/happy/train-happy-168.png,happy
/Users/raunak/Desktop/python/alphastar_fake_images/fake_train/happy/train-happy-183.png,happy
/Users/raunak/Desktop/python/alphastar_fake_images/fake_train/happy/train-happy-197.png,happy
/Users/raunak/Desktop/python/alphastar_fake_images/fake_train/happy/train-happy-829.png,happy
/Users/raunak/Desktop/python/alphastar_fake_images/fake_train/happy/train-happy-801.png,happy
/Users/raunak/Desktop/python/alphastar_fake_images/fake_train/happy/train-happy-815.png,happy
/Users/raunak/Desktop/python/alphastar_fake_images/fake_train/happy/train-happy-342.png,happy
/Users/raunak/Desktop/python/alphastar_fake_images/fake_train/happy/train-happy-424.png,happy
/Users/raunak/Desktop/python/alphastar_fake_images/fake_train/happy/train-happy-1019.png,happy
/Users/raunak/Desktop/python/alphastar_fake_images/fake_train/happy/train-happy-430.png,happy
/Users/raunak/Desktop/python/alphastar_fake_images/fake_train/happy/train-happy-356.png,happy
/Users/raunak/Desktop/python/alphastar_fake_images/fake_train/happy/train-happy-1031.png,happy
/Users/raunak/Desktop/python/alphastar_fake_images/fake_train/happy/train-happy-418.png,happy
/Users/raunak/Desktop/python/alphastar_fake_images/fake_train/happy/train-happy-1025.png,happy
/Users/raunak/Desktop/python/alphastar_fake_images/fake_train/happy/train-happy-381.png,happy
/Users/raunak/Desktop/python/alphastar_fake_images/fake_train/happy/train-happy-395.png,happy
/Users/raunak/Desktop/python/alphastar_fake_images/fake_train/happy/train-happy-394.png,happy
/Users/raunak/Desktop/python/alphastar_fake_images/fake_train/happy/train-happy-380.png,happy
/Users/raunak/Desktop/python/alphastar_fake_images/fake_train/happy/train-happy-1024.png,happy
/Users/raunak/Desktop/python/alphastar_fake_images/fake_train/happy/train-happy-419.png,happy
/Users/raunak/Desktop/python/alphastar_fake_images/fake_train/happy/train-happy-1030.png,happy
/Users/raunak/Desktop/python/alphastar_fake_images/fake_train/happy/train-happy-431.png,happy
/Users/raunak/Desktop/python/alphastar_fake_images/fake_train/happy/train-happy-1018.png,happy
/Users/raunak/Desktop/python/alphastar_fake_images/fake_train/happy/train-happy-357.png,happy
/Users/raunak/Desktop/python/alphastar_fake_images/fake_train/happy/train-happy-343.png,happy
/Users/raunak/Desktop/python/alphastar_fake_images/fake_train/happy/train-happy-425.png,happy
/Users/raunak/Desktop/python/alphastar_fake_images/fake_train/happy/train-happy-814.png,happy
/Users/raunak/Desktop/python/alphastar_fake_images/fake_train/happy/train-happy-800.png,happy
/Users/raunak/Desktop/python/alphastar_fake_images/fake_train/happy/train-happy-196.png,happy
/Users/raunak/Desktop/python/alphastar_fake_images/fake_train/happy/train-happy-828.png,happy
/Users/raunak/Desktop/python/alphastar_fake_images/fake_train/happy/train-happy-182.png,happy
/Users/raunak/Desktop/python/alphastar_fake_images/fake_train/happy/train-happy-169.png,happy
/Users/raunak/Desktop/python/alphastar_fake_images/fake_train/happy/train-happy-155.png,happy
/Users/raunak/Desktop/python/alphastar_fake_images/fake_train/happy/train-happy-633.png,happy
/Users/raunak/Desktop/python/alphastar_fake_images/fake_train/happy/train-happy-627.png,happy
/Users/raunak/Desktop/python/alphastar_fake_images/fake_train/happy/train-happy-141.png,happy
/Users/raunak/Desktop/python/alphastar_fake_images/fake_train/happy/train-happy-960.png,happy
/Users/raunak/Desktop/python/alphastar_fake_images/fake_train/happy/train-happy-974.png,happy
/Users/raunak/Desktop/python/alphastar_fake_images/fake_train/happy/train-happy-18.png,happy
/Users/raunak/Desktop/python/alphastar_fake_images/fake_train/happy/train-happy-30.png,happy
/Users/raunak/Desktop/python/alphastar_fake_images/fake_train/happy/train-happy-784.png,happy
/Users/raunak/Desktop/python/alphastar_fake_images/fake_train/happy/train-happy-790.png,happy
/Users/raunak/Desktop/python/alphastar_fake_images/fake_train/happy/train-happy-948.png,happy
/Users/raunak/Desktop/python/alphastar_fake_images/fake_train/happy/train-happy-24.png,happy
/Users/raunak/Desktop/python/alphastar_fake_images/fake_train/happy/train-happy-747.png,happy
/Users/raunak/Desktop/python/alphastar_fake_images/fake_train/happy/train-happy-753.png,happy
/Users/raunak/Desktop/python/alphastar_fake_images/fake_train/happy/train-happy-586.png,happy
/Users/raunak/Desktop/python/alphastar_fake_images/fake_train/happy/train-happy-592.png,happy
/Users/raunak/Desktop/python/alphastar_fake_images/fake_train/happy/train-happy-579.png,happy
/Users/raunak/Desktop/python/alphastar_fake_images/fake_train/happy/train-happy-545.png,happy
/Users/raunak/Desktop/python/alphastar_fake_images/fake_train/happy/train-happy-223.png,happy
/Users/raunak/Desktop/python/alphastar_fake_images/fake_train/happy/train-happy-237.png,happy
/Users/raunak/Desktop/python/alphastar_fake_images/fake_train/happy/train-happy-551.png,happy
/Users/raunak/Desktop/python/alphastar_fake_images/fake_train/happy/train-happy-221.png,happy
/Users/raunak/Desktop/python/alphastar_fake_images/fake_train/happy/train-happy-547.png,happy
/Users/raunak/Desktop/python/alphastar_fake_images/fake_train/happy/train-happy-553.png,happy
/Users/raunak/Desktop/python/alphastar_fake_images/fake_train/happy/train-happy-235.png,happy
/Users/raunak/Desktop/python/alphastar_fake_images/fake_train/happy/train-happy-209.png,happy
/Users/raunak/Desktop/python/alphastar_fake_images/fake_train/happy/train-happy-584.png,happy
/Users/raunak/Desktop/python/alphastar_fake_images/fake_train/happy/train-happy-590.png,happy
/Users/raunak/Desktop/python/alphastar_fake_images/fake_train/happy/train-happy-745.png,happy
/Users/raunak/Desktop/python/alphastar_fake_images/fake_train/happy/train-happy-751.png,happy
/Users/raunak/Desktop/python/alphastar_fake_images/fake_train/happy/train-happy-989.png,happy
/Users/raunak/Desktop/python/alphastar_fake_images/fake_train/happy/train-happy-779.png,happy
/Users/raunak/Desktop/python/alphastar_fake_images/fake_train/happy/train-happy-786.png,happy
/Users/raunak/Desktop/python/alphastar_fake_images/fake_train/happy/train-happy-32.png,happy
/Users/raunak/Desktop/python/alphastar_fake_images/fake_train/happy/train-happy-26.png,happy
/Users/raunak/Desktop/python/alphastar_fake_images/fake_train/happy/train-happy-792.png,happy
/Users/raunak/Desktop/python/alphastar_fake_images/fake_train/happy/train-happy-962.png,happy
/Users/raunak/Desktop/python/alphastar_fake_images/fake_train/happy/train-happy-976.png,happy
/Users/raunak/Desktop/python/alphastar_fake_images/fake_train/happy/train-happy-2.png,happy
/Users/raunak/Desktop/python/alphastar_fake_images/fake_train/happy/train-happy-631.png,happy
/Users/raunak/Desktop/python/alphastar_fake_images/fake_train/happy/train-happy-157.png,happy
/Users/raunak/Desktop/python/alphastar_fake_images/fake_train/happy/train-happy-143.png,happy
/Users/raunak/Desktop/python/alphastar_fake_images/fake_train/happy/train-happy-625.png,happy
/Users/raunak/Desktop/python/alphastar_fake_images/fake_train/happy/train-happy-619.png,happy
/Users/raunak/Desktop/python/alphastar_fake_images/fake_train/happy/train-happy-194.png,happy
/Users/raunak/Desktop/python/alphastar_fake_images/fake_train/happy/train-happy-180.png,happy
/Users/raunak/Desktop/python/alphastar_fake_images/fake_train/happy/train-happy-816.png,happy
/Users/raunak/Desktop/python/alphastar_fake_images/fake_train/happy/train-happy-802.png,happy
/Users/raunak/Desktop/python/alphastar_fake_images/fake_train/happy/train-happy-355.png,happy
/Users/raunak/Desktop/python/alphastar_fake_images/fake_train/happy/train-happy-433.png,happy
/Users/raunak/Desktop/python/alphastar_fake_images/fake_train/happy/train-happy-427.png,happy
/Users/raunak/Desktop/python/alphastar_fake_images/fake_train/happy/train-happy-341.png,happy
/Users/raunak/Desktop/python/alphastar_fake_images/fake_train/happy/train-happy-369.png,happy
/Users/raunak/Desktop/python/alphastar_fake_images/fake_train/happy/train-happy-1026.png,happy
/Users/raunak/Desktop/python/alphastar_fake_images/fake_train/happy/train-happy-1032.png,happy
/Users/raunak/Desktop/python/alphastar_fake_images/fake_train/happy/train-happy-396.png,happy
/Users/raunak/Desktop/python/alphastar_fake_images/fake_train/happy/train-happy-382.png,happy
/Users/raunak/Desktop/python/alphastar_fake_images/fake_train/happy/train-happy-383.png,happy
/Users/raunak/Desktop/python/alphastar_fake_images/fake_train/happy/train-happy-397.png,happy
/Users/raunak/Desktop/python/alphastar_fake_images/fake_train/happy/train-happy-1033.png,happy
/Users/raunak/Desktop/python/alphastar_fake_images/fake_train/happy/train-happy-368.png,happy
/Users/raunak/Desktop/python/alphastar_fake_images/fake_train/happy/train-happy-1027.png,happy
/Users/raunak/Desktop/python/alphastar_fake_images/fake_train/happy/train-happy-426.png,happy
/Users/raunak/Desktop/python/alphastar_fake_images/fake_train/happy/train-happy-340.png,happy
/Users/raunak/Desktop/python/alphastar_fake_images/fake_train/happy/train-happy-354.png,happy
/Users/raunak/Desktop/python/alphastar_fake_images/fake_train/happy/train-happy-432.png,happy
/Users/raunak/Desktop/python/alphastar_fake_images/fake_train/happy/train-happy-803.png,happy
/Users/raunak/Desktop/python/alphastar_fake_images/fake_train/happy/train-happy-817.png,happy
/Users/raunak/Desktop/python/alphastar_fake_images/fake_train/happy/train-happy-181.png,happy
/Users/raunak/Desktop/python/alphastar_fake_images/fake_train/happy/train-happy-195.png,happy
/Users/raunak/Desktop/python/alphastar_fake_images/fake_train/happy/train-happy-618.png,happy
/Users/raunak/Desktop/python/alphastar_fake_images/fake_train/happy/train-happy-142.png,happy
/Users/raunak/Desktop/python/alphastar_fake_images/fake_train/happy/train-happy-624.png,happy
/Users/raunak/Desktop/python/alphastar_fake_images/fake_train/happy/train-happy-630.png,happy
/Users/raunak/Desktop/python/alphastar_fake_images/fake_train/happy/train-happy-3.png,happy
/Users/raunak/Desktop/python/alphastar_fake_images/fake_train/happy/train-happy-156.png,happy
/Users/raunak/Desktop/python/alphastar_fake_images/fake_train/happy/train-happy-977.png,happy
/Users/raunak/Desktop/python/alphastar_fake_images/fake_train/happy/train-happy-963.png,happy
/Users/raunak/Desktop/python/alphastar_fake_images/fake_train/happy/train-happy-27.png,happy
/Users/raunak/Desktop/python/alphastar_fake_images/fake_train/happy/train-happy-793.png,happy
/Users/raunak/Desktop/python/alphastar_fake_images/fake_train/happy/train-happy-787.png,happy
/Users/raunak/Desktop/python/alphastar_fake_images/fake_train/happy/train-happy-33.png,happy
/Users/raunak/Desktop/python/alphastar_fake_images/fake_train/happy/train-happy-778.png,happy
/Users/raunak/Desktop/python/alphastar_fake_images/fake_train/happy/train-happy-988.png,happy
/Users/raunak/Desktop/python/alphastar_fake_images/fake_train/happy/train-happy-750.png,happy
/Users/raunak/Desktop/python/alphastar_fake_images/fake_train/happy/train-happy-744.png,happy
/Users/raunak/Desktop/python/alphastar_fake_images/fake_train/happy/train-happy-591.png,happy
/Users/raunak/Desktop/python/alphastar_fake_images/fake_train/happy/train-happy-585.png,happy
/Users/raunak/Desktop/python/alphastar_fake_images/fake_train/happy/train-happy-208.png,happy
/Users/raunak/Desktop/python/alphastar_fake_images/fake_train/happy/train-happy-552.png,happy
/Users/raunak/Desktop/python/alphastar_fake_images/fake_train/happy/train-happy-234.png,happy
/Users/raunak/Desktop/python/alphastar_fake_images/fake_train/happy/train-happy-220.png,happy
/Users/raunak/Desktop/python/alphastar_fake_images/fake_train/happy/train-happy-546.png,happy
/Users/raunak/Desktop/python/alphastar_fake_images/fake_train/happy/train-happy-509.png,happy
/Users/raunak/Desktop/python/alphastar_fake_images/fake_train/happy/train-happy-247.png,happy
/Users/raunak/Desktop/python/alphastar_fake_images/fake_train/happy/train-happy-521.png,happy
/Users/raunak/Desktop/python/alphastar_fake_images/fake_train/happy/train-happy-535.png,happy
/Users/raunak/Desktop/python/alphastar_fake_images/fake_train/happy/train-happy-253.png,happy
/Users/raunak/Desktop/python/alphastar_fake_images/fake_train/happy/train-happy-284.png,happy
/Users/raunak/Desktop/python/alphastar_fake_images/fake_train/happy/train-happy-290.png,happy
/Users/raunak/Desktop/python/alphastar_fake_images/fake_train/happy/train-happy-723.png,happy
/Users/raunak/Desktop/python/alphastar_fake_images/fake_train/happy/train-happy-97.png,happy
/Users/raunak/Desktop/python/alphastar_fake_images/fake_train/happy/train-happy-83.png,happy
/Users/raunak/Desktop/python/alphastar_fake_images/fake_train/happy/train-happy-737.png,happy
/Users/raunak/Desktop/python/alphastar_fake_images/fake_train/happy/train-happy-904.png,happy
/Users/raunak/Desktop/python/alphastar_fake_images/fake_train/happy/train-happy-68.png,happy
/Users/raunak/Desktop/python/alphastar_fake_images/fake_train/happy/train-happy-910.png,happy
/Users/raunak/Desktop/python/alphastar_fake_images/fake_train/happy/train-happy-938.png,happy
/Users/raunak/Desktop/python/alphastar_fake_images/fake_train/happy/train-happy-54.png,happy
/Users/raunak/Desktop/python/alphastar_fake_images/fake_train/happy/train-happy-40.png,happy
/Users/raunak/Desktop/python/alphastar_fake_images/fake_train/happy/train-happy-119.png,happy
/Users/raunak/Desktop/python/alphastar_fake_images/fake_train/happy/train-happy-657.png,happy
/Users/raunak/Desktop/python/alphastar_fake_images/fake_train/happy/train-happy-131.png,happy
/Users/raunak/Desktop/python/alphastar_fake_images/fake_train/happy/train-happy-125.png,happy
/Users/raunak/Desktop/python/alphastar_fake_images/fake_train/happy/train-happy-643.png,happy
/Users/raunak/Desktop/python/alphastar_fake_images/fake_train/happy/train-happy-870.png,happy
/Users/raunak/Desktop/python/alphastar_fake_images/fake_train/happy/train-happy-864.png,happy
/Users/raunak/Desktop/python/alphastar_fake_images/fake_train/happy/train-happy-694.png,happy
/Users/raunak/Desktop/python/alphastar_fake_images/fake_train/happy/train-happy-680.png,happy
/Users/raunak/Desktop/python/alphastar_fake_images/fake_train/happy/train-happy-858.png,happy
/Users/raunak/Desktop/python/alphastar_fake_images/fake_train/happy/train-happy-469.png,happy
/Users/raunak/Desktop/python/alphastar_fake_images/fake_train/happy/train-happy-1040.png,happy
/Users/raunak/Desktop/python/alphastar_fake_images/fake_train/happy/train-happy-333.png,happy
/Users/raunak/Desktop/python/alphastar_fake_images/fake_train/happy/train-happy-455.png,happy
/Users/raunak/Desktop/python/alphastar_fake_images/fake_train/happy/train-happy-441.png,happy
/Users/raunak/Desktop/python/alphastar_fake_images/fake_train/happy/train-happy-327.png,happy
/Users/raunak/Desktop/python/alphastar_fake_images/fake_train/happy/train-happy-496.png,happy
/Users/raunak/Desktop/python/alphastar_fake_images/fake_train/happy/train-happy-482.png,happy
/Users/raunak/Desktop/python/alphastar_fake_images/fake_train/happy/train-happy-483.png,happy
/Users/raunak/Desktop/python/alphastar_fake_images/fake_train/happy/train-happy-497.png,happy
/Users/raunak/Desktop/python/alphastar_fake_images/fake_train/happy/train-happy-440.png,happy
/Users/raunak/Desktop/python/alphastar_fake_images/fake_train/happy/train-happy-326.png,happy
/Users/raunak/Desktop/python/alphastar_fake_images/fake_train/happy/train-happy-332.png,happy
/Users/raunak/Desktop/python/alphastar_fake_images/fake_train/happy/train-happy-454.png,happy
/Users/raunak/Desktop/python/alphastar_fake_images/fake_train/happy/train-happy-1041.png,happy
/Users/raunak/Desktop/python/alphastar_fake_images/fake_train/happy/train-happy-468.png,happy
/Users/raunak/Desktop/python/alphastar_fake_images/fake_train/happy/train-happy-859.png,happy
/Users/raunak/Desktop/python/alphastar_fake_images/fake_train/happy/train-happy-681.png,happy
/Users/raunak/Desktop/python/alphastar_fake_images/fake_train/happy/train-happy-695.png,happy
/Users/raunak/Desktop/python/alphastar_fake_images/fake_train/happy/train-happy-865.png,happy
/Users/raunak/Desktop/python/alphastar_fake_images/fake_train/happy/train-happy-871.png,happy
/Users/raunak/Desktop/python/alphastar_fake_images/fake_train/happy/train-happy-124.png,happy
/Users/raunak/Desktop/python/alphastar_fake_images/fake_train/happy/train-happy-642.png,happy
/Users/raunak/Desktop/python/alphastar_fake_images/fake_train/happy/train-happy-656.png,happy
/Users/raunak/Desktop/python/alphastar_fake_images/fake_train/happy/train-happy-130.png,happy
/Users/raunak/Desktop/python/alphastar_fake_images/fake_train/happy/train-happy-118.png,happy
/Users/raunak/Desktop/python/alphastar_fake_images/fake_train/happy/train-happy-41.png,happy
/Users/raunak/Desktop/python/alphastar_fake_images/fake_train/happy/train-happy-939.png,happy
/Users/raunak/Desktop/python/alphastar_fake_images/fake_train/happy/train-happy-55.png,happy
/Users/raunak/Desktop/python/alphastar_fake_images/fake_train/happy/train-happy-911.png,happy
/Users/raunak/Desktop/python/alphastar_fake_images/fake_train/happy/train-happy-905.png,happy
/Users/raunak/Desktop/python/alphastar_fake_images/fake_train/happy/train-happy-69.png,happy
/Users/raunak/Desktop/python/alphastar_fake_images/fake_train/happy/train-happy-82.png,happy
/Users/raunak/Desktop/python/alphastar_fake_images/fake_train/happy/train-happy-736.png,happy
/Users/raunak/Desktop/python/alphastar_fake_images/fake_train/happy/train-happy-722.png,happy
/Users/raunak/Desktop/python/alphastar_fake_images/fake_train/happy/train-happy-96.png,happy
/Users/raunak/Desktop/python/alphastar_fake_images/fake_train/happy/train-happy-291.png,happy
/Users/raunak/Desktop/python/alphastar_fake_images/fake_train/happy/train-happy-285.png,happy
/Users/raunak/Desktop/python/alphastar_fake_images/fake_train/happy/train-happy-534.png,happy
/Users/raunak/Desktop/python/alphastar_fake_images/fake_train/happy/train-happy-252.png,happy
/Users/raunak/Desktop/python/alphastar_fake_images/fake_train/happy/train-happy-246.png,happy
/Users/raunak/Desktop/python/alphastar_fake_images/fake_train/happy/train-happy-520.png,happy
/Users/raunak/Desktop/python/alphastar_fake_images/fake_train/happy/train-happy-508.png,happy
/Users/raunak/Desktop/python/alphastar_fake_images/fake_train/happy/train-happy-278.png,happy
/Users/raunak/Desktop/python/alphastar_fake_images/fake_train/happy/train-happy-250.png,happy
/Users/raunak/Desktop/python/alphastar_fake_images/fake_train/happy/train-happy-536.png,happy
/Users/raunak/Desktop/python/alphastar_fake_images/fake_train/happy/train-happy-522.png,happy
/Users/raunak/Desktop/python/alphastar_fake_images/fake_train/happy/train-happy-244.png,happy
/Users/raunak/Desktop/python/alphastar_fake_images/fake_train/happy/train-happy-293.png,happy
/Users/raunak/Desktop/python/alphastar_fake_images/fake_train/happy/train-happy-287.png,happy
/Users/raunak/Desktop/python/alphastar_fake_images/fake_train/happy/train-happy-708.png,happy
/Users/raunak/Desktop/python/alphastar_fake_images/fake_train/happy/train-happy-734.png,happy
/Users/raunak/Desktop/python/alphastar_fake_images/fake_train/happy/train-happy-80.png,happy
/Users/raunak/Desktop/python/alphastar_fake_images/fake_train/happy/train-happy-94.png,happy
/Users/raunak/Desktop/python/alphastar_fake_images/fake_train/happy/train-happy-720.png,happy
/Users/raunak/Desktop/python/alphastar_fake_images/fake_train/happy/train-happy-913.png,happy
/Users/raunak/Desktop/python/alphastar_fake_images/fake_train/happy/train-happy-907.png,happy
/Users/raunak/Desktop/python/alphastar_fake_images/fake_train/happy/train-happy-43.png,happy
/Users/raunak/Desktop/python/alphastar_fake_images/fake_train/happy/train-happy-57.png,happy
/Users/raunak/Desktop/python/alphastar_fake_images/fake_train/happy/train-happy-668.png,happy
/Users/raunak/Desktop/python/alphastar_fake_images/fake_train/happy/train-happy-898.png,happy
/Users/raunak/Desktop/python/alphastar_fake_images/fake_train/happy/train-happy-640.png,happy
/Users/raunak/Desktop/python/alphastar_fake_images/fake_train/happy/train-happy-126.png,happy
/Users/raunak/Desktop/python/alphastar_fake_images/fake_train/happy/train-happy-132.png,happy
/Users/raunak/Desktop/python/alphastar_fake_images/fake_train/happy/train-happy-654.png,happy
/Users/raunak/Desktop/python/alphastar_fake_images/fake_train/happy/train-happy-867.png,happy
/Users/raunak/Desktop/python/alphastar_fake_images/fake_train/happy/train-happy-873.png,happy
/Users/raunak/Desktop/python/alphastar_fake_images/fake_train/happy/train-happy-683.png,happy
/Users/raunak/Desktop/python/alphastar_fake_images/fake_train/happy/train-happy-697.png,happy
/Users/raunak/Desktop/python/alphastar_fake_images/fake_train/happy/train-happy-318.png,happy
/Users/raunak/Desktop/python/alphastar_fake_images/fake_train/happy/train-happy-1043.png,happy
/Users/raunak/Desktop/python/alphastar_fake_images/fake_train/happy/train-happy-324.png,happy
/Users/raunak/Desktop/python/alphastar_fake_images/fake_train/happy/train-happy-442.png,happy
/Users/raunak/Desktop/python/alphastar_fake_images/fake_train/happy/train-happy-456.png,happy
/Users/raunak/Desktop/python/alphastar_fake_images/fake_train/happy/train-happy-330.png,happy
/Users/raunak/Desktop/python/alphastar_fake_images/fake_train/happy/train-happy-481.png,happy
/Users/raunak/Desktop/python/alphastar_fake_images/fake_train/happy/train-happy-495.png,happy
/Users/raunak/Desktop/python/alphastar_fake_images/fake_train/happy/train-happy-494.png,happy
/Users/raunak/Desktop/python/alphastar_fake_images/fake_train/happy/train-happy-480.png,happy
/Users/raunak/Desktop/python/alphastar_fake_images/fake_train/happy/train-happy-457.png,happy
/Users/raunak/Desktop/python/alphastar_fake_images/fake_train/happy/train-happy-331.png,happy
/Users/raunak/Desktop/python/alphastar_fake_images/fake_train/happy/train-happy-325.png,happy
/Users/raunak/Desktop/python/alphastar_fake_images/fake_train/happy/train-happy-443.png,happy
/Users/raunak/Desktop/python/alphastar_fake_images/fake_train/happy/train-happy-1042.png,happy
/Users/raunak/Desktop/python/alphastar_fake_images/fake_train/happy/train-happy-319.png,happy
/Users/raunak/Desktop/python/alphastar_fake_images/fake_train/happy/train-happy-696.png,happy
/Users/raunak/Desktop/python/alphastar_fake_images/fake_train/happy/train-happy-682.png,happy
/Users/raunak/Desktop/python/alphastar_fake_images/fake_train/happy/train-happy-872.png,happy
/Users/raunak/Desktop/python/alphastar_fake_images/fake_train/happy/train-happy-866.png,happy
/Users/raunak/Desktop/python/alphastar_fake_images/fake_train/happy/train-happy-133.png,happy
/Users/raunak/Desktop/python/alphastar_fake_images/fake_train/happy/train-happy-655.png,happy
/Users/raunak/Desktop/python/alphastar_fake_images/fake_train/happy/train-happy-641.png,happy
/Users/raunak/Desktop/python/alphastar_fake_images/fake_train/happy/train-happy-899.png,happy
/Users/raunak/Desktop/python/alphastar_fake_images/fake_train/happy/train-happy-127.png,happy
/Users/raunak/Desktop/python/alphastar_fake_images/fake_train/happy/train-happy-669.png,happy
/Users/raunak/Desktop/python/alphastar_fake_images/fake_train/happy/train-happy-56.png,happy
/Users/raunak/Desktop/python/alphastar_fake_images/fake_train/happy/train-happy-42.png,happy
/Users/raunak/Desktop/python/alphastar_fake_images/fake_train/happy/train-happy-906.png,happy
/Users/raunak/Desktop/python/alphastar_fake_images/fake_train/happy/train-happy-912.png,happy
/Users/raunak/Desktop/python/alphastar_fake_images/fake_train/happy/train-happy-95.png,happy
/Users/raunak/Desktop/python/alphastar_fake_images/fake_train/happy/train-happy-721.png,happy
/Users/raunak/Desktop/python/alphastar_fake_images/fake_train/happy/train-happy-735.png,happy
/Users/raunak/Desktop/python/alphastar_fake_images/fake_train/happy/train-happy-81.png,happy
/Users/raunak/Desktop/python/alphastar_fake_images/fake_train/happy/train-happy-709.png,happy
/Users/raunak/Desktop/python/alphastar_fake_images/fake_train/happy/train-happy-286.png,happy
/Users/raunak/Desktop/python/alphastar_fake_images/fake_train/happy/train-happy-292.png,happy
/Users/raunak/Desktop/python/alphastar_fake_images/fake_train/happy/train-happy-523.png,happy
/Users/raunak/Desktop/python/alphastar_fake_images/fake_train/happy/train-happy-245.png,happy
/Users/raunak/Desktop/python/alphastar_fake_images/fake_train/happy/train-happy-251.png,happy
/Users/raunak/Desktop/python/alphastar_fake_images/fake_train/happy/train-happy-537.png,happy
/Users/raunak/Desktop/python/alphastar_fake_images/fake_train/happy/train-happy-279.png,happy
/Users/raunak/Desktop/python/alphastar_fake_images/fake_train/happy/train-happy-533.png,happy
/Users/raunak/Desktop/python/alphastar_fake_images/fake_train/happy/train-happy-255.png,happy
/Users/raunak/Desktop/python/alphastar_fake_images/fake_train/happy/train-happy-241.png,happy
/Users/raunak/Desktop/python/alphastar_fake_images/fake_train/happy/train-happy-527.png,happy
/Users/raunak/Desktop/python/alphastar_fake_images/fake_train/happy/train-happy-269.png,happy
/Users/raunak/Desktop/python/alphastar_fake_images/fake_train/happy/train-happy-296.png,happy
/Users/raunak/Desktop/python/alphastar_fake_images/fake_train/happy/train-happy-282.png,happy
/Users/raunak/Desktop/python/alphastar_fake_images/fake_train/happy/train-happy-85.png,happy
/Users/raunak/Desktop/python/alphastar_fake_images/fake_train/happy/train-happy-731.png,happy
/Users/raunak/Desktop/python/alphastar_fake_images/fake_train/happy/train-happy-725.png,happy
/Users/raunak/Desktop/python/alphastar_fake_images/fake_train/happy/train-happy-91.png,happy
/Users/raunak/Desktop/python/alphastar_fake_images/fake_train/happy/train-happy-719.png,happy
/Users/raunak/Desktop/python/alphastar_fake_images/fake_train/happy/train-happy-46.png,happy
/Users/raunak/Desktop/python/alphastar_fake_images/fake_train/happy/train-happy-52.png,happy
/Users/raunak/Desktop/python/alphastar_fake_images/fake_train/happy/train-happy-916.png,happy
/Users/raunak/Desktop/python/alphastar_fake_images/fake_train/happy/train-happy-902.png,happy
/Users/raunak/Desktop/python/alphastar_fake_images/fake_train/happy/train-happy-123.png,happy
/Users/raunak/Desktop/python/alphastar_fake_images/fake_train/happy/train-happy-645.png,happy
/Users/raunak/Desktop/python/alphastar_fake_images/fake_train/happy/train-happy-889.png,happy
/Users/raunak/Desktop/python/alphastar_fake_images/fake_train/happy/train-happy-651.png,happy
/Users/raunak/Desktop/python/alphastar_fake_images/fake_train/happy/train-happy-137.png,happy
/Users/raunak/Desktop/python/alphastar_fake_images/fake_train/happy/train-happy-679.png,happy
/Users/raunak/Desktop/python/alphastar_fake_images/fake_train/happy/train-happy-686.png,happy
/Users/raunak/Desktop/python/alphastar_fake_images/fake_train/happy/train-happy-692.png,happy
/Users/raunak/Desktop/python/alphastar_fake_images/fake_train/happy/train-happy-862.png,happy
/Users/raunak/Desktop/python/alphastar_fake_images/fake_train/happy/train-happy-876.png,happy
/Users/raunak/Desktop/python/alphastar_fake_images/fake_train/happy/train-happy-447.png,happy
/Users/raunak/Desktop/python/alphastar_fake_images/fake_train/happy/train-happy-321.png,happy
/Users/raunak/Desktop/python/alphastar_fake_images/fake_train/happy/train-happy-335.png,happy
/Users/raunak/Desktop/python/alphastar_fake_images/fake_train/happy/train-happy-453.png,happy
/Users/raunak/Desktop/python/alphastar_fake_images/fake_train/happy/train-happy-309.png,happy
/Users/raunak/Desktop/python/alphastar_fake_images/fake_train/happy/train-happy-1046.png,happy
/Users/raunak/Desktop/python/alphastar_fake_images/fake_train/happy/train-happy-484.png,happy
/Users/raunak/Desktop/python/alphastar_fake_images/fake_train/happy/train-happy-490.png,happy
/Users/raunak/Desktop/python/alphastar_fake_images/fake_train/happy/train-happy-491.png,happy
/Users/raunak/Desktop/python/alphastar_fake_images/fake_train/happy/train-happy-485.png,happy
/Users/raunak/Desktop/python/alphastar_fake_images/fake_train/happy/train-happy-308.png,happy
/Users/raunak/Desktop/python/alphastar_fake_images/fake_train/happy/train-happy-1047.png,happy
/Users/raunak/Desktop/python/alphastar_fake_images/fake_train/happy/train-happy-334.png,happy
/Users/raunak/Desktop/python/alphastar_fake_images/fake_train/happy/train-happy-452.png,happy
/Users/raunak/Desktop/python/alphastar_fake_images/fake_train/happy/train-happy-446.png,happy
/Users/raunak/Desktop/python/alphastar_fake_images/fake_train/happy/train-happy-320.png,happy
/Users/raunak/Desktop/python/alphastar_fake_images/fake_train/happy/train-happy-877.png,happy
/Users/raunak/Desktop/python/alphastar_fake_images/fake_train/happy/train-happy-863.png,happy
/Users/raunak/Desktop/python/alphastar_fake_images/fake_train/happy/train-happy-693.png,happy
/Users/raunak/Desktop/python/alphastar_fake_images/fake_train/happy/train-happy-687.png,happy
/Users/raunak/Desktop/python/alphastar_fake_images/fake_train/happy/train-happy-678.png,happy
/Users/raunak/Desktop/python/alphastar_fake_images/fake_train/happy/train-happy-650.png,happy
/Users/raunak/Desktop/python/alphastar_fake_images/fake_train/happy/train-happy-888.png,happy
/Users/raunak/Desktop/python/alphastar_fake_images/fake_train/happy/train-happy-136.png,happy
/Users/raunak/Desktop/python/alphastar_fake_images/fake_train/happy/train-happy-122.png,happy
/Users/raunak/Desktop/python/alphastar_fake_images/fake_train/happy/train-happy-644.png,happy
/Users/raunak/Desktop/python/alphastar_fake_images/fake_train/happy/train-happy-903.png,happy
/Users/raunak/Desktop/python/alphastar_fake_images/fake_train/happy/train-happy-917.png,happy
/Users/raunak/Desktop/python/alphastar_fake_images/fake_train/happy/train-happy-53.png,happy
/Users/raunak/Desktop/python/alphastar_fake_images/fake_train/happy/train-happy-47.png,happy
/Users/raunak/Desktop/python/alphastar_fake_images/fake_train/happy/train-happy-718.png,happy
/Users/raunak/Desktop/python/alphastar_fake_images/fake_train/happy/train-happy-724.png,happy
/Users/raunak/Desktop/python/alphastar_fake_images/fake_train/happy/train-happy-90.png,happy
/Users/raunak/Desktop/python/alphastar_fake_images/fake_train/happy/train-happy-84.png,happy
/Users/raunak/Desktop/python/alphastar_fake_images/fake_train/happy/train-happy-730.png,happy
/Users/raunak/Desktop/python/alphastar_fake_images/fake_train/happy/train-happy-283.png,happy
/Users/raunak/Desktop/python/alphastar_fake_images/fake_train/happy/train-happy-297.png,happy
/Users/raunak/Desktop/python/alphastar_fake_images/fake_train/happy/train-happy-268.png,happy
/Users/raunak/Desktop/python/alphastar_fake_images/fake_train/happy/train-happy-240.png,happy
/Users/raunak/Desktop/python/alphastar_fake_images/fake_train/happy/train-happy-526.png,happy
/Users/raunak/Desktop/python/alphastar_fake_images/fake_train/happy/train-happy-532.png,happy
/Users/raunak/Desktop/python/alphastar_fake_images/fake_train/happy/train-happy-254.png,happy
/Users/raunak/Desktop/python/alphastar_fake_images/fake_train/happy/train-happy-524.png,happy
/Users/raunak/Desktop/python/alphastar_fake_images/fake_train/happy/train-happy-242.png,happy
/Users/raunak/Desktop/python/alphastar_fake_images/fake_train/happy/train-happy-256.png,happy
/Users/raunak/Desktop/python/alphastar_fake_images/fake_train/happy/train-happy-530.png,happy
/Users/raunak/Desktop/python/alphastar_fake_images/fake_train/happy/train-happy-518.png,happy
/Users/raunak/Desktop/python/alphastar_fake_images/fake_train/happy/train-happy-281.png,happy
/Users/raunak/Desktop/python/alphastar_fake_images/fake_train/happy/train-happy-295.png,happy
/Users/raunak/Desktop/python/alphastar_fake_images/fake_train/happy/train-happy-92.png,happy
/Users/raunak/Desktop/python/alphastar_fake_images/fake_train/happy/train-happy-726.png,happy
/Users/raunak/Desktop/python/alphastar_fake_images/fake_train/happy/train-happy-732.png,happy
/Users/raunak/Desktop/python/alphastar_fake_images/fake_train/happy/train-happy-86.png,happy
/Users/raunak/Desktop/python/alphastar_fake_images/fake_train/happy/train-happy-51.png,happy
/Users/raunak/Desktop/python/alphastar_fake_images/fake_train/happy/train-happy-929.png,happy
/Users/raunak/Desktop/python/alphastar_fake_images/fake_train/happy/train-happy-45.png,happy
/Users/raunak/Desktop/python/alphastar_fake_images/fake_train/happy/train-happy-901.png,happy
/Users/raunak/Desktop/python/alphastar_fake_images/fake_train/happy/train-happy-915.png,happy
/Users/raunak/Desktop/python/alphastar_fake_images/fake_train/happy/train-happy-79.png,happy
/Users/raunak/Desktop/python/alphastar_fake_images/fake_train/happy/train-happy-134.png,happy
/Users/raunak/Desktop/python/alphastar_fake_images/fake_train/happy/train-happy-652.png,happy
/Users/raunak/Desktop/python/alphastar_fake_images/fake_train/happy/train-happy-646.png,happy
/Users/raunak/Desktop/python/alphastar_fake_images/fake_train/happy/train-happy-120.png,happy
/Users/raunak/Desktop/python/alphastar_fake_images/fake_train/happy/train-happy-108.png,happy
/Users/raunak/Desktop/python/alphastar_fake_images/fake_train/happy/train-happy-691.png,happy
/Users/raunak/Desktop/python/alphastar_fake_images/fake_train/happy/train-happy-849.png,happy
/Users/raunak/Desktop/python/alphastar_fake_images/fake_train/happy/train-happy-685.png,happy
/Users/raunak/Desktop/python/alphastar_fake_images/fake_train/happy/train-happy-875.png,happy
/Users/raunak/Desktop/python/alphastar_fake_images/fake_train/happy/train-happy-861.png,happy
/Users/raunak/Desktop/python/alphastar_fake_images/fake_train/happy/train-happy-450.png,happy
/Users/raunak/Desktop/python/alphastar_fake_images/fake_train/happy/train-happy-336.png,happy
/Users/raunak/Desktop/python/alphastar_fake_images/fake_train/happy/train-happy-322.png,happy
/Users/raunak/Desktop/python/alphastar_fake_images/fake_train/happy/train-happy-444.png,happy
/Users/raunak/Desktop/python/alphastar_fake_images/fake_train/happy/train-happy-1045.png,happy
/Users/raunak/Desktop/python/alphastar_fake_images/fake_train/happy/train-happy-478.png,happy
/Users/raunak/Desktop/python/alphastar_fake_images/fake_train/happy/train-happy-493.png,happy
/Users/raunak/Desktop/python/alphastar_fake_images/fake_train/happy/train-happy-487.png,happy
/Users/raunak/Desktop/python/alphastar_fake_images/fake_train/happy/train-happy-486.png,happy
/Users/raunak/Desktop/python/alphastar_fake_images/fake_train/happy/train-happy-492.png,happy
/Users/raunak/Desktop/python/alphastar_fake_images/fake_train/happy/train-happy-479.png,happy
/Users/raunak/Desktop/python/alphastar_fake_images/fake_train/happy/train-happy-1050.png,happy
/Users/raunak/Desktop/python/alphastar_fake_images/fake_train/happy/train-happy-1044.png,happy
/Users/raunak/Desktop/python/alphastar_fake_images/fake_train/happy/train-happy-323.png,happy
/Users/raunak/Desktop/python/alphastar_fake_images/fake_train/happy/train-happy-445.png,happy
/Users/raunak/Desktop/python/alphastar_fake_images/fake_train/happy/train-happy-451.png,happy
/Users/raunak/Desktop/python/alphastar_fake_images/fake_train/happy/train-happy-337.png,happy
/Users/raunak/Desktop/python/alphastar_fake_images/fake_train/happy/train-happy-860.png,happy
/Users/raunak/Desktop/python/alphastar_fake_images/fake_train/happy/train-happy-874.png,happy
/Users/raunak/Desktop/python/alphastar_fake_images/fake_train/happy/train-happy-684.png,happy
/Users/raunak/Desktop/python/alphastar_fake_images/fake_train/happy/train-happy-848.png,happy
/Users/raunak/Desktop/python/alphastar_fake_images/fake_train/happy/train-happy-690.png,happy
/Users/raunak/Desktop/python/alphastar_fake_images/fake_train/happy/train-happy-109.png,happy
/Users/raunak/Desktop/python/alphastar_fake_images/fake_train/happy/train-happy-647.png,happy
/Users/raunak/Desktop/python/alphastar_fake_images/fake_train/happy/train-happy-121.png,happy
/Users/raunak/Desktop/python/alphastar_fake_images/fake_train/happy/train-happy-135.png,happy
/Users/raunak/Desktop/python/alphastar_fake_images/fake_train/happy/train-happy-653.png,happy
/Users/raunak/Desktop/python/alphastar_fake_images/fake_train/happy/train-happy-914.png,happy
/Users/raunak/Desktop/python/alphastar_fake_images/fake_train/happy/train-happy-78.png,happy
/Users/raunak/Desktop/python/alphastar_fake_images/fake_train/happy/train-happy-900.png,happy
/Users/raunak/Desktop/python/alphastar_fake_images/fake_train/happy/train-happy-928.png,happy
/Users/raunak/Desktop/python/alphastar_fake_images/fake_train/happy/train-happy-44.png,happy
/Users/raunak/Desktop/python/alphastar_fake_images/fake_train/happy/train-happy-50.png,happy
/Users/raunak/Desktop/python/alphastar_fake_images/fake_train/happy/train-happy-733.png,happy
/Users/raunak/Desktop/python/alphastar_fake_images/fake_train/happy/train-happy-87.png,happy
/Users/raunak/Desktop/python/alphastar_fake_images/fake_train/happy/train-happy-93.png,happy
/Users/raunak/Desktop/python/alphastar_fake_images/fake_train/happy/train-happy-727.png,happy
/Users/raunak/Desktop/python/alphastar_fake_images/fake_train/happy/train-happy-294.png,happy
/Users/raunak/Desktop/python/alphastar_fake_images/fake_train/happy/train-happy-280.png,happy
/Users/raunak/Desktop/python/alphastar_fake_images/fake_train/happy/train-happy-519.png,happy
/Users/raunak/Desktop/python/alphastar_fake_images/fake_train/happy/train-happy-257.png,happy
/Users/raunak/Desktop/python/alphastar_fake_images/fake_train/happy/train-happy-531.png,happy
/Users/raunak/Desktop/python/alphastar_fake_images/fake_train/happy/train-happy-525.png,happy
/Users/raunak/Desktop/python/alphastar_fake_images/fake_train/happy/train-happy-243.png,happy